Auto+Hide+Values,Hide+?,Hide,Hide,,,Hide,Hide,Fit, Fit , Fit , Fit , Fit , Fit , Fit , Fit , Fit , Fit , Fit , Hide , Hide , Fit ,Hide,Hide,, Fit , Fit ,Fit,, Fit , Fit ,Fit
Hide,,,,,,,,10/31/2025, Balance , Balance , Balance , Balance , Balance , Balance , Balance , Balance , Balance , Balance , Balance , Balance ,,,,, Budget ,,,, Budget ,,
Hide,,Income/Balance,Income Statement,,,,,,  -   ,  -   ,  -   ,  -   ,  -   ,  -   ,  -   ,  -   ,  -   ,  1 ,  -   ,  -   ,,,,,,,,,,,
Hide,,Start Date,,,,,,,"  45,658 ","  45,689 ","  45,717 ","  45,748 ","  45,778 ","  45,809 ","  45,839 ","  45,870 ","  45,901 ","  45,931 ","  45,962 ","  45,992 ","  45,658 ",,,,"  45,931 ",,,,"  45,658 ",,
Hide,,End Date,,,,,,,"  45,688 ","  45,716 ","  45,747 ","  45,777 ","  45,808 ","  45,838 ","  45,869 ","  45,900 ","  45,930 ","  45,961 ","  45,991 ","  46,022 ","  46,022 ",,,,"  45,961 ",,,,"  45,961 ",,
,,Dept.,03*,,,,,XXX Casino & Resort,,,,,,,,,,,,,,,,,,,,,,,
,,Consolidated,1/1/2025..12/31/2025,,,,,F&B Consolidated,,,,,,,,,,,,,,,,,,,,,,,
,,,,,,,,Actuals,,,,,,,,,,,,,,,,,,,,,,,
,,Budget,,,,,,, Jan-25 , Feb-25 , Mar-25 , Apr-25 , May-25 , Jun-25 , Jul-25 , Aug-25 , Sep-25 , Oct-25 , Nov-25 , Dec-25 , Total 2025 ,,,,Oct-25,Oct-25,Oct-25,, YTD-25 , YTD-25 ,YTD-25
,,DIVISION,*,,,,No.,, Actual , Actual , Actual , Actual , Actual , Actual , Actual , Actual , Actual , Actual , Actual , Actual , Actual ,,,,Budget,Var,% Var,, Budget , Var ,% Var
,Show,,,,,,,Revenues,,,,,,,,,,,,,,,,,,,,,,,
,Hide,,,,,,,Slots-$0.01/$0.02/Multi,  -   ,  -   ,  -   ,  -   ,  -   ,  -   ,  -   ,  -   ,  -   ,  -   ,  -   ,  -   ,  -   ,,  -   ,,  -   ,  -   ,-%,,  -   ,  -   ,-%
Auto,Hide,,,,,,,Slots-$0.01/$0.02/Multi - High Limit,  -   ,  -   ,  -   ,  -   ,  -   ,  -   ,  -   ,  -   ,  -   ,  -   ,  -   ,  -   ,  -   ,,  -   ,,  -   ,  -   ,-%,,  -   ,  -   ,-%
Auto,Hide,,,,,,,Slots-$0.05,  -   ,  -   ,  -   ,  -   ,  -   ,  -   ,  -   ,  -   ,  -   ,  -   ,  -   ,  -   ,  -   ,,  -   ,,  -   ,  -   ,-%,,  -   ,  -   ,-%
Auto,Hide,,,,,,,Slots-$0.05 - High Limit,  -   ,  -   ,  -   ,  -   ,  -   ,  -   ,  -   ,  -   ,  -   ,  -   ,  -   ,  -   ,  -   ,,  -   ,,  -   ,  -   ,-%,,  -   ,  -   ,-%
Auto,Hide,,,,,,,Slots-$0.25,  -   ,  -   ,  -   ,  -   ,  -   ,  -   ,  -   ,  -   ,  -   ,  -   ,  -   ,  -   ,  -   ,,  -   ,,  -   ,  -   ,-%,,  -   ,  -   ,-%
Auto,Hide,,,,,,,Slots-$0.25 - High Limit,  -   ,  -   ,  -   ,  -   ,  -   ,  -   ,  -   ,  -   ,  -   ,  -   ,  -   ,  -   ,  -   ,,  -   ,,  -   ,  -   ,-%,,  -   ,  -   ,-%
Auto,Hide,,,,,,,HL Slots-$1.00,  -   ,  -   ,  -   ,  -   ,  -   ,  -   ,  -   ,  -   ,  -   ,  -   ,  -   ,  -   ,  -   ,,  -   ,,  -   ,  -   ,-%,,  -   ,  -   ,-%
Auto,Hide,,,,,,,HL Slots-$5.00,  -   ,  -   ,  -   ,  -   ,  -   ,  -   ,  -   ,  -   ,  -   ,  -   ,  -   ,  -   ,  -   ,,  -   ,,  -   ,  -   ,-%,,  -   ,  -   ,-%
Auto,Hide,,,,,,,Slots -$1.00,  -   ,  -   ,  -   ,  -   ,  -   ,  -   ,  -   ,  -   ,  -   ,  -   ,  -   ,  -   ,  -   ,,  -   ,,  -   ,  -   ,-%,,  -   ,  -   ,-%
Auto,Hide,,,,,,,Slots-Electronic Table Games,  -   ,  -   ,  -   ,  -   ,  -   ,  -   ,  -   ,  -   ,  -   ,  -   ,  -   ,  -   ,  -   ,,  -   ,,  -   ,  -   ,-%,,  -   ,  -   ,-%
Auto,Hide,,,,,,,Slot Jackpot Provision,  -   ,  -   ,  -   ,  -   ,  -   ,  -   ,  -   ,  -   ,  -   ,  -   ,  -   ,  -   ,  -   ,,  -   ,,  -   ,  -   ,-%,,  -   ,  -   ,-%
Auto,Hide,,,,,,,Black Jack,  -   ,  -   ,  -   ,  -   ,  -   ,  -   ,  -   ,  -   ,  -   ,  -   ,  -   ,  -   ,  -   ,,  -   ,,  -   ,  -   ,-%,,  -   ,  -   ,-%
Auto,Hide,,,,,,,Low Limit Black Jack,  -   ,  -   ,  -   ,  -   ,  -   ,  -   ,  -   ,  -   ,  -   ,  -   ,  -   ,  -   ,  -   ,,  -   ,,  -   ,  -   ,-%,,  -   ,  -   ,-%
Auto,Hide,,,,,,,Table Games-Roulette,  -   ,  -   ,  -   ,  -   ,  -   ,  -   ,  -   ,  -   ,  -   ,  -   ,  -   ,  -   ,  -   ,,  -   ,,  -   ,  -   ,-%,,  -   ,  -   ,-%
Auto,Hide,,,,,,,Table Games-Midi Baccarat,  -   ,  -   ,  -   ,  -   ,  -   ,  -   ,  -   ,  -   ,  -   ,  -   ,  -   ,  -   ,  -   ,,  -   ,,  -   ,  -   ,-%,,  -   ,  -   ,-%
Auto,Hide,,,,,,,Table Games-Three Card Poker,  -   ,  -   ,  -   ,  -   ,  -   ,  -   ,  -   ,  -   ,  -   ,  -   ,  -   ,  -   ,  -   ,,  -   ,,  -   ,  -   ,-%,,  -   ,  -   ,-%
Auto,Hide,,,,,,,Table Games-Four Card Poker,  -   ,  -   ,  -   ,  -   ,  -   ,  -   ,  -   ,  -   ,  -   ,  -   ,  -   ,  -   ,  -   ,,  -   ,,  -   ,  -   ,-%,,  -   ,  -   ,-%
Auto,Hide,,,,,,,Table Games-Texas Hold'em,  -   ,  -   ,  -   ,  -   ,  -   ,  -   ,  -   ,  -   ,  -   ,  -   ,  -   ,  -   ,  -   ,,  -   ,,  -   ,  -   ,-%,,  -   ,  -   ,-%
Auto,Hide,,,,,,,Table Games- Craps,  -   ,  -   ,  -   ,  -   ,  -   ,  -   ,  -   ,  -   ,  -   ,  -   ,  -   ,  -   ,  -   ,,  -   ,,  -   ,  -   ,-%,,  -   ,  -   ,-%
Auto,Hide,,,,,,,Table Games - SB,  -   ,  -   ,  -   ,  -   ,  -   ,  -   ,  -   ,  -   ,  -   ,  -   ,  -   ,  -   ,  -   ,,  -   ,,  -   ,  -   ,-%,,  -   ,  -   ,-%
Auto,Hide,,,,,,,Table Games- High Limit Blackjack,  -   ,  -   ,  -   ,  -   ,  -   ,  -   ,  -   ,  -   ,  -   ,  -   ,  -   ,  -   ,  -   ,,  -   ,,  -   ,  -   ,-%,,  -   ,  -   ,-%
Auto,Hide,,,,,,,Table Games - Carnival ,  -   ,  -   ,  -   ,  -   ,  -   ,  -   ,  -   ,  -   ,  -   ,  -   ,  -   ,  -   ,  -   ,,  -   ,,  -   ,  -   ,-%,,  -   ,  -   ,-%
Auto,Hide,,,,,,,Table Games- Fast Action Poker,  -   ,  -   ,  -   ,  -   ,  -   ,  -   ,  -   ,  -   ,  -   ,  -   ,  -   ,  -   ,  -   ,,  -   ,,  -   ,  -   ,-%,,  -   ,  -   ,-%
Auto,Hide,,,,,,,Table Games- Pai Gow Poker,  -   ,  -   ,  -   ,  -   ,  -   ,  -   ,  -   ,  -   ,  -   ,  -   ,  -   ,  -   ,  -   ,,  -   ,,  -   ,  -   ,-%,,  -   ,  -   ,-%
Auto,Hide,,,,,,,Table Games - Ultimate Texas Hold'em,  -   ,  -   ,  -   ,  -   ,  -   ,  -   ,  -   ,  -   ,  -   ,  -   ,  -   ,  -   ,  -   ,,  -   ,,  -   ,  -   ,-%,,  -   ,  -   ,-%
Auto,Hide,,,,,,,Table Games- Stadium Gaming,  -   ,  -   ,  -   ,  -   ,  -   ,  -   ,  -   ,  -   ,  -   ,  -   ,  -   ,  -   ,  -   ,,  -   ,,  -   ,  -   ,-%,,  -   ,  -   ,-%
Auto,Hide,,,,,,,Tables - Electronic Table Games,  -   ,  -   ,  -   ,  -   ,  -   ,  -   ,  -   ,  -   ,  -   ,  -   ,  -   ,  -   ,  -   ,,  -   ,,  -   ,  -   ,-%,,  -   ,  -   ,-%
Auto,Hide,,,,,,,Table Games - Easy Baccarat,  -   ,  -   ,  -   ,  -   ,  -   ,  -   ,  -   ,  -   ,  -   ,  -   ,  -   ,  -   ,  -   ,,  -   ,,  -   ,  -   ,-%,,  -   ,  -   ,-%
Auto,Hide,,,,,,,Table Games - Mini Baccarat,  -   ,  -   ,  -   ,  -   ,  -   ,  -   ,  -   ,  -   ,  -   ,  -   ,  -   ,  -   ,  -   ,,  -   ,,  -   ,  -   ,-%,,  -   ,  -   ,-%
Auto,Hide,,,,,,,Table Games - Squeeze Baccarat,  -   ,  -   ,  -   ,  -   ,  -   ,  -   ,  -   ,  -   ,  -   ,  -   ,  -   ,  -   ,  -   ,,  -   ,,  -   ,  -   ,-%,,  -   ,  -   ,-%
Auto,Hide,,,,,,,Table Games - Touch Bet Baccarat,  -   ,  -   ,  -   ,  -   ,  -   ,  -   ,  -   ,  -   ,  -   ,  -   ,  -   ,  -   ,  -   ,,  -   ,,  -   ,  -   ,-%,,  -   ,  -   ,-%
Auto,Hide,,,,,,,High Limit - Mini Baccarat,  -   ,  -   ,  -   ,  -   ,  -   ,  -   ,  -   ,  -   ,  -   ,  -   ,  -   ,  -   ,  -   ,,  -   ,,  -   ,  -   ,-%,,  -   ,  -   ,-%
Auto,Hide,,,,,,,High Limit - Private Salon Baccarat,  -   ,  -   ,  -   ,  -   ,  -   ,  -   ,  -   ,  -   ,  -   ,  -   ,  -   ,  -   ,  -   ,,  -   ,,  -   ,  -   ,-%,,  -   ,  -   ,-%
Auto,Hide,,,,,,,Table Games Jackpot Provision,  -   ,  -   ,  -   ,  -   ,  -   ,  -   ,  -   ,  -   ,  -   ,  -   ,  -   ,  -   ,  -   ,,  -   ,,  -   ,  -   ,-%,,  -   ,  -   ,-%
Auto,Hide,,,,,,,Casino Poker,  -   ,  -   ,  -   ,  -   ,  -   ,  -   ,  -   ,  -   ,  -   ,  -   ,  -   ,  -   ,  -   ,,  -   ,,  -   ,  -   ,-%,,  -   ,  -   ,-%
Auto,Hide,,,,,,,Poker Tournament,  -   ,  -   ,  -   ,  -   ,  -   ,  -   ,  -   ,  -   ,  -   ,  -   ,  -   ,  -   ,  -   ,,  -   ,,  -   ,  -   ,-%,,  -   ,  -   ,-%
Auto,Hide,,,,,,,Bad Beat Revenue,  -   ,  -   ,  -   ,  -   ,  -   ,  -   ,  -   ,  -   ,  -   ,  -   ,  -   ,  -   ,  -   ,,  -   ,,  -   ,  -   ,-%,,  -   ,  -   ,-%
Auto,Hide,,,,,,,License Fee,  -   ,  -   ,  -   ,  -   ,  -   ,  -   ,  -   ,  -   ,  -   ,  -   ,  -   ,  -   ,  -   ,,  -   ,,  -   ,  -   ,-%,,  -   ,  -   ,-%
Auto,Hide,,,,,,,FDF Reserve,  -   ,  -   ,  -   ,  -   ,  -   ,  -   ,  -   ,  -   ,  -   ,  -   ,  -   ,  -   ,  -   ,,  -   ,,  -   ,  -   ,-%,,  -   ,  -   ,-%
Auto,Show,,,,,,,Food Sales,"  115,415 ","  123,260 ","  143,404 ","  160,359 ","  143,187 ","  146,588 ","  146,909 ","  157,777 ","  142,090 ","  167,018 ",  -   ,  -   ,"  1,446,005 ",,"  4,501,326 ",,"  171,517 ","  (4,500)",(2.62)%,,"  1,609,315 ","  (163,310)",(10.15)%
Auto,Show,,,,,,,Non-Alcoholic Bev. Sales,"  18,434 ","  19,875 ","  21,778 ","  21,058 ","  18,589 ","  13,683 ","  15,340 ","  16,490 ","  13,503 ","  16,250 ",  -   ,  -   ,"  175,000 ",,"  581,588 ",,"  24,939 ","  (8,689)",(34.84)%,,"  231,588 ","  (56,588)",(24.43)%
Auto,Show,,,,,,,Liquor Sales,"  199,538 ","  200,393 ","  240,244 ","  237,401 ","  170,912 ","  170,668 ","  163,813 ","  206,789 ","  189,430 ","  252,255 ",  -   ,  -   ,"  2,031,443 ",,"  6,450,912 ",,"  262,591 ","  (10,336)",(3.94)%,,"  2,388,025 ","  (356,582)",(14.93)%
Auto,Show,,,,,,,Beer Sales,"  134,984 ","  153,427 ","  177,963 ","  183,807 ","  143,339 ","  134,840 ","  119,730 ","  157,178 ","  146,738 ","  193,367 ",  -   ,  -   ,"  1,545,373 ",,"  4,715,351 ",,"  178,479 ","  14,888 ",8.34%,,"  1,624,604 ","  (79,231)",(4.88)%
Auto,Show,,,,,,,Wine Sales,"  33,841 ","  32,412 ","  37,792 ","  32,557 ","  32,167 ","  30,783 ","  27,146 ","  33,065 ","  38,086 ","  36,818 ",  -   ,  -   ,"  334,667 ",,"  1,033,677 ",,"  40,276 ","  (3,458)",(8.59)%,,"  364,343 ","  (29,677)",(8.15)%
Auto,Hide,,,,,,,Cover Charges,  -   ,  -   ,  -   ,  -   ,  -   ,  -   ,  -   ,  -   ,  -   ,  -   ,  -   ,  -   ,  -   ,,  -   ,,  -   ,  -   ,-%,,  -   ,  -   ,-%
Auto,Hide,,,,,,,Transient Room Rentals,  -   ,  -   ,  -   ,  -   ,  -   ,  -   ,  -   ,  -   ,  -   ,  -   ,  -   ,  -   ,  -   ,,  -   ,,  -   ,  -   ,-%,,  -   ,  -   ,-%
Auto,Hide,,,,,,,Corporate Room Rentals,  -   ,  -   ,  -   ,  -   ,  -   ,  -   ,  -   ,  -   ,  -   ,  -   ,  -   ,  -   ,  -   ,,  -   ,,  -   ,  -   ,-%,,  -   ,  -   ,-%
Auto,Hide,,,,,,,Contract Room Rentals,  -   ,  -   ,  -   ,  -   ,  -   ,  -   ,  -   ,  -   ,  -   ,  -   ,  -   ,  -   ,  -   ,,  -   ,,  -   ,  -   ,-%,,  -   ,  -   ,-%
Auto,Hide,,,,,,,Other Room Revenue,  -   ,  -   ,  -   ,  -   ,  -   ,  -   ,  -   ,  -   ,  -   ,  -   ,  -   ,  -   ,  -   ,,  -   ,,  -   ,  -   ,-%,,  -   ,  -   ,-%
Auto,Hide,,,,,,,Room Service,  -   ,  -   ,  -   ,  -   ,  -   ,  -   ,  -   ,  -   ,  -   ,  -   ,  -   ,  -   ,  -   ,,  -   ,,  -   ,  -   ,-%,,  -   ,  -   ,-%
Auto,Hide,,,,,,,Refreshment Centre,  -   ,  -   ,  -   ,  -   ,  -   ,  -   ,  -   ,  -   ,  -   ,  -   ,  -   ,  -   ,  -   ,,  -   ,,  -   ,  -   ,-%,,  -   ,  -   ,-%
Auto,Hide,,,,,,,Laundry and Dry Cleaning,  -   ,  -   ,  -   ,  -   ,  -   ,  -   ,  -   ,  -   ,  -   ,  -   ,  -   ,  -   ,  -   ,,  -   ,,  -   ,  -   ,-%,,  -   ,  -   ,-%
Auto,Hide,,,,,,,Banquets,  -   ,  -   ,  -   ,  -   ,  -   ,  -   ,  -   ,  -   ,  -   ,  -   ,  -   ,  -   ,  -   ,,  -   ,,  -   ,  -   ,-%,,  -   ,  -   ,-%
Auto,Hide,,,,,,,Audio Visual,  -   ,  -   ,  -   ,  -   ,  -   ,  -   ,  -   ,  -   ,  -   ,  -   ,  -   ,  -   ,  -   ,,  -   ,,  -   ,  -   ,-%,,  -   ,  -   ,-%
Auto,Hide,,,,,,,Parking Revenue,  -   ,  -   ,  -   ,  -   ,  -   ,  -   ,  -   ,  -   ,  -   ,  -   ,  -   ,  -   ,  -   ,,  -   ,,  -   ,  -   ,-%,,  -   ,  -   ,-%
Auto,Hide,,,,,,,Service Failure,  -   ,  -   ,  -   ,  -   ,  -   ,  -   ,  -   ,  -   ,  -   ,  -   ,  -   ,  -   ,  -   ,,  -   ,,  -   ,  -   ,-%,,  -   ,  -   ,-%
Auto,Hide,,,,,,,Spa Services,  -   ,  -   ,  -   ,  -   ,  -   ,  -   ,  -   ,  -   ,  -   ,  -   ,  -   ,  -   ,  -   ,,  -   ,,  -   ,  -   ,-%,,  -   ,  -   ,-%
Auto,Hide,,,,,,,Equipment Rental Sales,  -   ,  -   ,  -   ,  -   ,  -   ,  -   ,  -   ,  -   ,  -   ,  -   ,  -   ,  -   ,  -   ,,  -   ,,  -   ,  -   ,-%,,  -   ,  -   ,-%
Auto,Hide,,,,,,,"Telephone, TV and Internet Sales",  -   ,  -   ,  -   ,  -   ,  -   ,  -   ,  -   ,  -   ,  -   ,  -   ,  -   ,  -   ,  -   ,,  -   ,,  -   ,  -   ,-%,,  -   ,  -   ,-%
Auto,Hide,,,,,,,Other Hotel Revenue,  -   ,  -   ,  -   ,  -   ,  -   ,  -   ,  -   ,  -   ,  -   ,  -   ,  -   ,  -   ,  -   ,,  -   ,,  -   ,  -   ,-%,,  -   ,  -   ,-%
Auto,Show,,,,,,,Retail Sales,  192 ,  341 ,  217 ,  226 ,  267 ,  249 ,  218 ,  212 ,  152 ,  254 ,  -   ,  -   ,"  2,329 ",,"  4,657 ",,  -   ,  254 ,-%,,  -   ,"  2,329 ",-%
Auto,Show,,,,,,,Tobacco Sales,"  2,332 ","  2,332 ","  2,244 ","  1,848 ",  870 ,"  1,950 ","  2,054 ","  2,106 ","  1,040 ","  2,002 ",  -   ,  -   ,"  18,778 ",,"  73,854 ",,"  3,931 ","  (1,929)",(49.07)%,,"  36,298 ","  (17,520)",(48.27)%
Auto,Hide,,,,,,,Lottery Sales,  -   ,  -   ,  -   ,  -   ,  -   ,  -   ,  -   ,  -   ,  -   ,  -   ,  -   ,  -   ,  -   ,,  -   ,,  -   ,  -   ,-%,,  -   ,  -   ,-%
Auto,Hide,,,,,,,Vending Commissions,  -   ,  -   ,  -   ,  -   ,  -   ,  -   ,  -   ,  -   ,  -   ,  -   ,  -   ,  -   ,  -   ,,  -   ,,  -   ,  -   ,-%,,  -   ,  -   ,-%
Auto,Hide,,,,,,,Ticket Sales,  -   ,  -   ,  -   ,  -   ,  -   ,  -   ,  -   ,  -   ,  -   ,  -   ,  -   ,  -   ,  -   ,,  -   ,,  -   ,  -   ,-%,,  -   ,  -   ,-%
Auto,Hide,,,,,,,Beverage Sales,  -   ,  -   ,  -   ,  -   ,  -   ,  -   ,  -   ,  -   ,  -   ,  -   ,  -   ,  -   ,  -   ,,  -   ,,  -   ,  -   ,-%,,  -   ,  -   ,-%
Auto,Hide,,,,,,,Cigar Sales,  -   ,  -   ,  -   ,  -   ,  -   ,  -   ,  -   ,  -   ,  -   ,  -   ,  -   ,  -   ,  -   ,,  -   ,,  -   ,  -   ,-%,,  -   ,  -   ,-%
Auto,Hide,,,,,,,Confection Sales,  -   ,  -   ,  -   ,  -   ,  -   ,  -   ,  -   ,  -   ,  -   ,  -   ,  -   ,  -   ,  -   ,,  -   ,,  -   ,  -   ,-%,,  -   ,  -   ,-%
Auto,Hide,,,,,,,Electronics Sales,  -   ,  -   ,  -   ,  -   ,  -   ,  -   ,  -   ,  -   ,  -   ,  -   ,  -   ,  -   ,  -   ,,  -   ,,  -   ,  -   ,-%,,  -   ,  -   ,-%
Auto,Hide,,,,,,,Medicine Sales,  -   ,  -   ,  -   ,  -   ,  -   ,  -   ,  -   ,  -   ,  -   ,  -   ,  -   ,  -   ,  -   ,,  -   ,,  -   ,  -   ,-%,,  -   ,  -   ,-%
Auto,Hide,,,,,,,Health and Beauty Sales,  -   ,  -   ,  -   ,  -   ,  -   ,  -   ,  -   ,  -   ,  -   ,  -   ,  -   ,  -   ,  -   ,,  -   ,,  -   ,  -   ,-%,,  -   ,  -   ,-%
Auto,Hide,,,,,,,Miscellaneous Sales,  -   ,  -   ,  -   ,  -   ,  -   ,  -   ,  -   ,  -   ,  -   ,  -   ,  -   ,  -   ,  -   ,,  -   ,,  -   ,  -   ,-%,,  -   ,  -   ,-%
Auto,Hide,,,,,,,Print Merchandise Sales,  -   ,  -   ,  -   ,  -   ,  -   ,  -   ,  -   ,  -   ,  -   ,  -   ,  -   ,  -   ,  -   ,,  -   ,,  -   ,  -   ,-%,,  -   ,  -   ,-%
Auto,Hide,,,,,,,Apparel Sales,  -   ,  -   ,  -   ,  -   ,  -   ,  -   ,  -   ,  -   ,  -   ,  -   ,  -   ,  -   ,  -   ,,  -   ,,  -   ,  -   ,-%,,  -   ,  -   ,-%
Auto,Hide,,,,,,,ATM Commission,  -   ,  -   ,  -   ,  -   ,  -   ,  -   ,  -   ,  -   ,  -   ,  -   ,  -   ,  -   ,  -   ,,  -   ,,  -   ,  -   ,-%,,  -   ,  -   ,-%
Auto,Hide,,,,,,,Rental Income,  -   ,  -   ,  -   ,  -   ,  -   ,  -   ,  -   ,  -   ,  -   ,  -   ,  -   ,  -   ,  -   ,,  -   ,,  -   ,  -   ,-%,,  -   ,  -   ,-%
Auto,Show,,,,,,,Other Revenue,  -   ,  -   ,  -   ,  -   ,  -   ,  -   ,  -   ,"  30,000 ",  -   ,  -   ,  -   ,  -   ,"  30,000 ",,"  60,000 ",,  -   ,  -   ,-%,,  -   ,"  30,000 ",-%
Auto,Hide,,,,,,,Sportsbook Revenue,  -   ,  -   ,  -   ,  -   ,  -   ,  -   ,  -   ,  -   ,  -   ,  -   ,  -   ,  -   ,  -   ,,  -   ,,  -   ,  -   ,-%,,  -   ,  -   ,-%
Auto,Show,,,,,,,Revenue Complimentary,"  76,773 ","  73,894 ","  92,828 ","  79,903 ","  73,863 ","  76,213 ","  71,011 ","  61,813 ","  65,857 ","  58,745 ",  -   ,  -   ,"  730,900 ",,"  2,262,226 ",,"  83,650 ","  (24,906)",(29.77)%,,"  800,427 ","  (69,527)",(8.69)%
Auto,Hide,,,,,,,Revenue,  -   ,  -   ,  -   ,  -   ,  -   ,  -   ,  -   ,  -   ,  -   ,  -   ,  -   ,  -   ,  -   ,,  -   ,,  -   ,  -   ,-%,,  -   ,  -   ,-%
Auto,Hide,,,,,,,Casino Revenue,  -   ,  -   ,  -   ,  -   ,  -   ,  -   ,  -   ,  -   ,  -   ,  -   ,  -   ,  -   ,  -   ,,  -   ,,  -   ,  -   ,-%,,  -   ,  -   ,-%
,Hide,,,,,,,,,,,,,,,,,,,,,,  -   ,,,,,,,,
,Show,,,,,,,Total Revenues,"  581,510 ","  605,934 ","  716,470 ","  717,159 ","  583,194 ","  574,974 ","  546,220 ","  665,430 ","  596,895 ","  726,709 ",  -   ,  -   ,"  6,314,495 ",,"  19,683,591 ",,"  765,384 ","  (38,675)",(5.05)%,,"  7,054,601 ","  (740,106)",(10.49)%
,Show,,,,,,,,,,,,,,,,,,,,,,  -   ,,,,,,,,
,Show,,,,,,,COGS,,,,,,,,,,,,,,,  -   ,,,,,,,,
,Show,,,,,,,Food Cost,"  66,796 ","  60,826 ","  77,116 ","  76,891 ","  71,774 ","  68,459 ","  71,027 ","  70,290 ","  65,850 ","  77,519 ",  -   ,  -   ,"  706,549 ",,"  2,186,025 ",,"  82,100 ","  4,581 ",5.58%,,"  772,928 ","  66,379 ",8.59%
Auto,Show,,,,,,,Non-alcoholic Beverage Cost,"  13,963 ","  14,041 ","  15,687 ","  14,060 ","  13,665 ","  14,558 ",  783 ,"  14,402 ","  16,872 ","  14,633 ",  -   ,  -   ,"  132,664 ",,"  369,239 ",,"  10,929 ","  (3,705)",(33.9)%,,"  103,912 ","  (28,752)",(27.67)%
Auto,Show,,,,,,,Liquor Cost,"  32,591 ","  36,739 ","  40,938 ","  32,894 ","  21,900 ","  26,397 ","  25,820 ","  39,121 ","  29,246 ","  35,925 ",  -   ,  -   ,"  321,571 ",,"  1,002,061 ",,"  39,462 ","  3,537 ",8.96%,,"  358,918 ","  37,346 ",10.41%
Auto,Show,,,,,,,Beer Cost,"  34,902 ","  39,347 ","  47,363 ","  41,611 ","  33,134 ","  33,044 ","  25,033 ","  39,657 ","  38,158 ","  51,418 ",  -   ,  -   ,"  383,669 ",,"  1,157,791 ",,"  42,891 ","  (8,527)",(19.88)%,,"  390,454 ","  6,786 ",1.74%
Auto,Show,,,,,,,Wine Cost,"  7,928 ","  15,139 ","  11,820 ","  5,023 ","  8,920 ","  5,931 ","  7,155 ","  9,859 ","  11,023 ","  9,246 ",  -   ,  -   ,"  92,044 ",,"  290,209 ",,"  11,804 ","  2,558 ",21.67%,,"  106,120 ","  14,076 ",13.26%
Auto,Hide,,,,,,,Bottle Deposit Expense,  -   ,  -   ,  -   ,  -   ,  -   ,  -   ,  -   ,  -   ,  -   ,  -   ,  -   ,  -   ,  -   ,,  -   ,,  -   ,  -   ,-%,,  -   ,  -   ,-%
Auto,Show,,,,,,,F&B Rebates,  -   ,  -   ,"  (10,293)",  -   ,  -   ,"  (38,411)","  (3,590)","  (2,894)","  (14,288)",  -   ,  -   ,  -   ,"  (69,477)",,"  (183,954)",,  -   ,  -   ,-%,,"  (45,000)","  24,477 ",(54.39)%
Auto,Hide,,,,,,,F&B Procurement Charges,  -   ,  -   ,  -   ,  -   ,  -   ,  -   ,  -   ,  -   ,  -   ,  -   ,  -   ,  -   ,  -   ,,  -   ,,  -   ,  -   ,-%,,  -   ,  -   ,-%
Auto,Show,,,,,,,Spillage / Waste,"  1,794 ","  2,271 ","  2,957 ","  2,414 ","  1,857 ","  1,943 ","  1,876 ","  2,360 ","  2,495 ","  3,033 ",  -   ,  -   ,"  23,001 ",,"  70,002 ",,"  2,400 ",  (633),(26.37)%,,"  24,000 ",  999 ,4.16%
Auto,Hide,,,,,,,Papergoods,  -   ,  -   ,  -   ,  -   ,  -   ,  -   ,  -   ,  -   ,  -   ,  -   ,  -   ,  -   ,  -   ,,  -   ,,  -   ,  -   ,-%,,  -   ,  -   ,-%
Auto,Show,,,,,,,Tobacco,"  1,423 ","  3,174 ","  3,618 ","  1,125 ","  1,523 ","  (1,373)","  2,015 ","  1,675 ","  1,011 ","  1,172 ",  -   ,  -   ,"  15,363 ",,"  54,319 ",,"  2,555 ","  1,383 ",54.13%,,"  23,594 ","  8,231 ",34.89%
Auto,Hide,,,,,,,Souvenirs,  -   ,  -   ,  -   ,  -   ,  -   ,  -   ,  -   ,  -   ,  -   ,  -   ,  -   ,  -   ,  -   ,,  -   ,,  -   ,  -   ,-%,,  -   ,  -   ,-%
Auto,Hide,,,,,,,Beauty Products,  -   ,  -   ,  -   ,  -   ,  -   ,  -   ,  -   ,  -   ,  -   ,  -   ,  -   ,  -   ,  -   ,,  -   ,,  -   ,  -   ,-%,,  -   ,  -   ,-%
Auto,Hide,,,,,,,Lottery,  -   ,  -   ,  -   ,  -   ,  -   ,  -   ,  -   ,  -   ,  -   ,  -   ,  -   ,  -   ,  -   ,,  -   ,,  -   ,  -   ,-%,,  -   ,  -   ,-%
Auto,Hide,,,,,,,Beverages Cost,  -   ,  -   ,  -   ,  -   ,  -   ,  -   ,  -   ,  -   ,  -   ,  -   ,  -   ,  -   ,  -   ,,  -   ,,  -   ,  -   ,-%,,  -   ,  -   ,-%
Auto,Hide,,,,,,,Cigars Cost,  -   ,  -   ,  -   ,  -   ,  -   ,  -   ,  -   ,  -   ,  -   ,  -   ,  -   ,  -   ,  -   ,,  -   ,,  -   ,  -   ,-%,,  -   ,  -   ,-%
Auto,Hide,,,,,,,Tobacco Cost,  -   ,  -   ,  -   ,  -   ,  -   ,  -   ,  -   ,  -   ,  -   ,  -   ,  -   ,  -   ,  -   ,,  -   ,,  -   ,  -   ,-%,,  -   ,  -   ,-%
Auto,Hide,,,,,,,Confection Cost,  -   ,  -   ,  -   ,  -   ,  -   ,  -   ,  -   ,  -   ,  -   ,  -   ,  -   ,  -   ,  -   ,,  -   ,,  -   ,  -   ,-%,,  -   ,  -   ,-%
Auto,Hide,,,,,,,Electronics Cost,  -   ,  -   ,  -   ,  -   ,  -   ,  -   ,  -   ,  -   ,  -   ,  -   ,  -   ,  -   ,  -   ,,  -   ,,  -   ,  -   ,-%,,  -   ,  -   ,-%
Auto,Hide,,,,,,,Medicine Cost,  -   ,  -   ,  -   ,  -   ,  -   ,  -   ,  -   ,  -   ,  -   ,  -   ,  -   ,  -   ,  -   ,,  -   ,,  -   ,  -   ,-%,,  -   ,  -   ,-%
Auto,Hide,,,,,,,Health and Beauty Cost,  -   ,  -   ,  -   ,  -   ,  -   ,  -   ,  -   ,  -   ,  -   ,  -   ,  -   ,  -   ,  -   ,,  -   ,,  -   ,  -   ,-%,,  -   ,  -   ,-%
Auto,Hide,,,,,,,Miscellaneous Cost,  -   ,  -   ,  -   ,  -   ,  -   ,  -   ,  -   ,  -   ,  -   ,  -   ,  -   ,  -   ,  -   ,,  -   ,,  -   ,  -   ,-%,,  -   ,  -   ,-%
Auto,Hide,,,,,,,Print Merchandise Cost,  -   ,  -   ,  -   ,  -   ,  -   ,  -   ,  -   ,  -   ,  -   ,  -   ,  -   ,  -   ,  -   ,,  -   ,,  -   ,  -   ,-%,,  -   ,  -   ,-%
Auto,Hide,,,,,,,Apparel Cost,  -   ,  -   ,  -   ,  -   ,  -   ,  -   ,  -   ,  -   ,  -   ,  -   ,  -   ,  -   ,  -   ,,  -   ,,  -   ,  -   ,-%,,  -   ,  -   ,-%
Auto,Hide,,,,,,,Sportsbook,  -   ,  -   ,  -   ,  -   ,  -   ,  -   ,  -   ,  -   ,  -   ,  -   ,  -   ,  -   ,  -   ,,  -   ,,  -   ,  -   ,-%,,  -   ,  -   ,-%
Auto,Hide,,,,,,,Other Retail Costs,  -   ,  -   ,  -   ,  -   ,  -   ,  -   ,  -   ,  -   ,  -   ,  -   ,  -   ,  -   ,  -   ,,  -   ,,  -   ,  -   ,-%,,  -   ,  -   ,-%
Auto,Hide,,,,,,,Inventory Loss,  -   ,  -   ,  -   ,  -   ,  -   ,  -   ,  -   ,  -   ,  -   ,  -   ,  -   ,  -   ,  -   ,,  -   ,,  -   ,  -   ,-%,,  -   ,  -   ,-%
Auto,Hide,,,,,,,AV Costs,  -   ,  -   ,  -   ,  -   ,  -   ,  -   ,  -   ,  -   ,  -   ,  -   ,  -   ,  -   ,  -   ,,  -   ,,  -   ,  -   ,-%,,  -   ,  -   ,-%
Auto,Hide,,,,,,,Miscellaneous Costs,  -   ,  -   ,  -   ,  -   ,  -   ,  -   ,  -   ,  -   ,  -   ,  -   ,  -   ,  -   ,  -   ,,  -   ,,  -   ,  -   ,-%,,  -   ,  -   ,-%
,Hide,,,,,,,,,,,,,,,,,,,,,,  -   ,,,,,,,,
,Show,,,,,,,Total COGS,"  159,398 ","  171,538 ","  189,206 ","  174,019 ","  152,773 ","  110,549 ","  130,120 ","  174,470 ","  150,366 ","  192,946 ",  -   ,  -   ,"  1,605,384 ",,"  4,945,693 ",,"  192,140 ",  (806),(0.42)%,,"  1,734,925 ","  129,542 ",7.47%
,Show,,,,,,,% COGS,27%,28%,26%,24%,26%,19%,24%,26%,25%,27%,-%,-%,25%,,304%,,25%,,,,25%,,
Auto,Hide,,,,,,,% COGS,-%,-%,-%,-%,-%,-%,-%,-%,-%,-%,-%,-%,-%,,-%,,-%,,,,-%,,
Auto,Hide,,,,,,,% COGS,-%,-%,-%,-%,-%,-%,-%,-%,-%,-%,-%,-%,-%,,-%,,-%,,,,-%,,
Auto,Hide,,,,,,,% COGS,-%,-%,-%,-%,-%,-%,-%,-%,-%,-%,-%,-%,-%,,-%,,-%,,,,-%,,
Auto,Hide,,,,,,,% COGS,-%,-%,-%,-%,-%,-%,-%,-%,-%,-%,-%,-%,-%,,-%,,-%,,,,-%,,
Auto,Hide,,,,,,,% COGS,-%,-%,-%,-%,-%,-%,-%,-%,-%,-%,-%,-%,-%,,-%,,-%,,,,-%,,
Auto,Hide,,,,,,,% COGS,-%,-%,-%,-%,-%,-%,-%,-%,-%,-%,-%,-%,-%,,-%,,-%,,,,-%,,
Auto,Hide,,,,,,,% COGS,-%,-%,-%,-%,-%,-%,-%,-%,-%,-%,-%,-%,-%,,-%,,-%,,,,-%,,
Auto,Hide,,,,,,,% COGS,-%,-%,-%,-%,-%,-%,-%,-%,-%,-%,-%,-%,-%,,-%,,-%,,,,-%,,
Auto,Hide,,,,,,,% COGS,-%,-%,-%,-%,-%,-%,-%,-%,-%,-%,-%,-%,-%,,-%,,-%,,,,-%,,
Auto,Hide,,,,,,,% COGS,-%,-%,-%,-%,-%,-%,-%,-%,-%,-%,-%,-%,-%,,-%,,-%,,,,-%,,
Auto,Hide,,,,,,,% COGS,-%,-%,-%,-%,-%,-%,-%,-%,-%,-%,-%,-%,-%,,-%,,-%,,,,-%,,
Auto,Hide,,,,,,,% COGS,-%,-%,-%,-%,-%,-%,-%,-%,-%,-%,-%,-%,-%,,-%,,-%,,,,-%,,
Auto,Hide,,,,,,,% COGS,-%,-%,-%,-%,-%,-%,-%,-%,-%,-%,-%,-%,-%,,-%,,-%,,,,-%,,
Auto,Hide,,,,,,,% COGS,-%,-%,-%,-%,-%,-%,-%,-%,-%,-%,-%,-%,-%,,-%,,-%,,,,-%,,
Auto,Hide,,,,,,,% COGS,-%,-%,-%,-%,-%,-%,-%,-%,-%,-%,-%,-%,-%,,-%,,-%,,,,-%,,
Auto,Hide,,,,,,,% COGS,-%,-%,-%,-%,-%,-%,-%,-%,-%,-%,-%,-%,-%,,-%,,-%,,,,-%,,
Auto,Hide,,,,,,,% COGS,-%,-%,-%,-%,-%,-%,-%,-%,-%,-%,-%,-%,-%,,-%,,-%,,,,-%,,
Auto,Hide,,,,,,,% COGS,-%,-%,-%,-%,-%,-%,-%,-%,-%,-%,-%,-%,-%,,-%,,-%,,,,-%,,
Auto,Hide,,,,,,,% COGS,-%,-%,-%,-%,-%,-%,-%,-%,-%,-%,-%,-%,-%,,-%,,-%,,,,-%,,
Auto,Hide,,,,,,,% COGS,-%,-%,-%,-%,-%,-%,-%,-%,-%,-%,-%,-%,-%,,-%,,-%,,,,-%,,
Auto,Hide,,,,,,,% COGS,-%,-%,-%,-%,-%,-%,-%,-%,-%,-%,-%,-%,-%,,-%,,-%,,,,-%,,
Auto,Hide,,,,,,,% COGS,-%,-%,-%,-%,-%,-%,-%,-%,-%,-%,-%,-%,-%,,-%,,-%,,,,-%,,
Auto,Hide,,,,,,,% COGS,-%,-%,-%,-%,-%,-%,-%,-%,-%,-%,-%,-%,-%,,-%,,-%,,,,-%,,
Auto,Hide,,,,,,,% COGS,-%,-%,-%,-%,-%,-%,-%,-%,-%,-%,-%,-%,-%,,-%,,-%,,,,-%,,
Auto,Hide,,,,,,,% COGS,-%,-%,-%,-%,-%,-%,-%,-%,-%,-%,-%,-%,-%,,-%,,-%,,,,-%,,
Auto,Hide,,,,,,,% COGS,-%,-%,-%,-%,-%,-%,-%,-%,-%,-%,-%,-%,-%,,-%,,-%,,,,-%,,
Auto,Hide,,,,,,,% COGS,-%,-%,-%,-%,-%,-%,-%,-%,-%,-%,-%,-%,-%,,-%,,-%,,,,-%,,
Auto,Hide,,,,,,,% COGS,-%,-%,-%,-%,-%,-%,-%,-%,-%,-%,-%,-%,-%,,-%,,-%,,,,-%,,
,Show,,,,,,,,,,,,,,,,,,,,,,  -   ,,,,,,,,
,Show,,,,,,,Gross Margin,"  422,112 ","  434,397 ","  527,264 ","  543,140 ","  430,421 ","  464,426 ","  416,100 ","  490,960 ","  446,529 ","  533,763 ",  -   ,  -   ,"  4,709,111 ",,"  14,737,898 ",,"  573,244 ","  (39,481)",(6.89)%,,"  5,319,675 ","  (610,564)",(11.48)%
,Show,,,,,,,,,,,,,,,,,,,,,,  -   ,,,,,,,,
,,,,,,,,EXPENSE,,,,,,,,,,,,,,,  -   ,,,,,,,,
,,,,,,,,,,,,,,,,,,,,,,,  -   ,,,,,,,,
,Show,,,,,,,Salaries,"  210,682 ","  197,356 ","  219,407 ","  215,505 ","  222,996 ","  224,255 ","  212,386 ","  208,883 ","  206,553 ","  234,009 ",  -   ,  -   ,"  2,152,033 ",,"  6,610,552 ",,"  245,860 ","  11,851 ",4.82%,,"  2,306,485 ","  154,452 ",6.7%
Auto,Show,,,,,,,Overtime,"  2,276 ","  3,472 ",  994 ,"  4,557 ","  1,574 ",  179 ,"  2,046 ","  2,922 ","  3,472 ","  5,654 ",  -   ,  -   ,"  27,146 ",,"  82,815 ",,"  3,009 ","  (2,644)",(87.88)%,,"  28,522 ","  1,376 ",4.82%
Auto,Show,,,,,,,Statutory Holiday Worked,"  8,107 ","  7,768 ",  (783),"  11,664 ","  7,891 ",  116 ,"  8,030 ","  7,830 ","  14,746 ","  8,707 ",  -   ,  -   ,"  74,076 ",,"  228,981 ",,"  8,981 ",  274 ,3.05%,,"  80,828 ","  6,752 ",8.35%
Auto,Show,,,,,,,Vacation,"  14,004 ","  12,691 ","  13,349 ","  13,773 ","  13,868 ","  13,008 ","  13,633 ","  13,728 ","  13,733 ","  15,443 ",  -   ,  -   ,"  137,230 ",,"  415,866 ",,"  15,149 ",  (293),(1.94)%,,"  141,406 ","  4,176 ",2.95%
Auto,Show,,,,,,,Statutory Holiday,"  10,876 ","  10,322 ","  3,743 ","  11,531 ","  8,371 ","  1,200 ","  10,469 ","  8,013 ","  15,900 ","  15,100 ",  -   ,  -   ,"  95,523 ",,"  294,803 ",,"  12,193 ","  (2,907)",(23.84)%,,"  103,757 ","  8,234 ",7.94%
Auto,Show,,,,,,,Bonus,  -   ,  -   ,  -   ,  -   ,  -   ,  600 ,  -   ,  300 ,  -   ,  150 ,  -   ,  -   ,"  1,050 ",,"  2,100 ",,  -   ,  (150),-%,,  -   ,"  (1,050)",-%
Auto,Hide,,,,,,,Government Wage Subsidies,  -   ,  -   ,  -   ,  -   ,  -   ,  -   ,  -   ,  -   ,  -   ,  -   ,  -   ,  -   ,  -   ,,  -   ,,  -   ,  -   ,-%,,  -   ,  -   ,-%
Auto,Show,,,,,,,Union Backpay Accrual,  -   ,  -   ,  -   ,  -   ,  -   ,  -   ,"  6,015 ","  8,641 ","  6,264 ","  7,023 ",  -   ,  -   ,"  27,943 ",,"  55,885 ",,  -   ,"  (7,023)",-%,,  -   ,"  (27,943)",-%
Auto,Show,,,,,,,Employer Health Tax Expense,"  5,516 ","  5,228 ","  5,350 ","  5,743 ","  5,634 ","  5,384 ","  5,517 ","  5,451 ","  5,638 ","  6,187 ",  -   ,  -   ,"  55,649 ",,"  163,538 ",,"  5,597 ",  (590),(10.55)%,,"  52,240 ","  (3,409)",(6.53)%
Auto,Show,,,,,,,Extended Health Insurance Expense,"  15,995 ","  16,200 ","  15,739 ","  18,070 ","  12,333 ","  15,713 ","  16,440 ","  16,495 ","  14,467 ","  15,627 ",  -   ,  -   ,"  157,079 ",,"  491,761 ",,"  17,760 ","  2,133 ",12.01%,,"  177,602 ","  20,523 ",11.56%
Auto,Show,,,,,,,Workers Compensation,"  2,631 ","  2,494 ","  2,552 ","  2,739 ","  2,687 ","  2,568 ","  2,631 ","  2,600 ","  2,689 ","  2,951 ",  -   ,  -   ,"  26,540 ",,"  80,968 ",,"  2,989 ",  38 ,1.27%,,"  27,887 ","  1,347 ",4.83%
Auto,Show,,,,,,,Employer Match - Pension,"  1,188 ","  1,078 ","  1,684 ","  1,101 ","  1,002 ","  1,096 ",  989 ,"  1,644 ","  1,128 ","  1,238 ",  -   ,  -   ,"  12,147 ",,"  36,720 ",,"  1,347 ",  109 ,8.09%,,"  12,425 ",  278 ,2.24%
Auto,Show,,,,,,,Employer Match - RRSP,  720 ,  763 ,"  1,338 ",  938 ,  985 ,"  1,033 ","  1,008 ","  1,488 ",  986 ,"  1,019 ",  -   ,  -   ,"  10,277 ",,"  27,748 ",,  737 ,  (282),(38.19)%,,"  7,194 ","  (3,083)",(42.85)%
Auto,Show,,,,,,,CPP Expense,"  13,439 ","  13,141 ","  12,570 ","  13,589 ","  13,938 ","  13,307 ","  12,721 ","  12,159 ","  12,697 ","  14,410 ",  -   ,  -   ,"  131,970 ",,"  398,520 ",,"  14,137 ",  (273),(1.93)%,,"  134,579 ","  2,608 ",1.94%
Auto,Show,,,,,,,EI Expense,"  5,477 ","  5,307 ","  6,014 ","  5,602 ","  5,623 ","  5,303 ","  5,216 ","  5,731 ","  5,198 ","  5,885 ",  -   ,  -   ,"  55,356 ",,"  169,816 ",,"  6,214 ",  330 ,5.31%,,"  59,103 ","  3,747 ",6.34%
Auto,Show,,,,,,,Misc. Emp Benefits,  -   ,  -   ,  -   ,  -   ,  -   ,  955 ,  -   ,  -   ,  -   ,  -   ,  -   ,  -   ,  955 ,,"  1,910 ",,  -   ,  -   ,-%,,  -   ,  (955),-%
Auto,Hide,,,,,,,Relocation Expense,  -   ,  -   ,  -   ,  -   ,  -   ,  -   ,  -   ,  -   ,  -   ,  -   ,  -   ,  -   ,  -   ,,  -   ,,  -   ,  -   ,-%,,  -   ,  -   ,-%
,Hide,,,,,,,,,,,,,,,,,,,,,,  -   ,,,,,,,,
,Show,,,,,,,"Salaries and Benefits, Total","  290,910 ","  275,820 ","  281,957 ","  304,812 ","  296,901 ","  284,716 ","  297,101 ","  295,886 ","  303,471 ","  333,403 ",  -   ,  -   ,"  2,964,976 ",,"  9,061,983 ",,"  333,974 ",  571 ,0.17%,,"  3,132,031 ","  167,054 ",5.33%
,Show,,,,,,,,,,,,,,,,,,,,,,  -   ,,,,,,,,
,Hide,,,,,,,Shared Labour Incurred,  -   ,  -   ,  -   ,  -   ,  -   ,  -   ,  -   ,  -   ,  -   ,  -   ,  -   ,  -   ,  -   ,,  -   ,,  -   ,  -   ,-%,,  -   ,  -   ,-%
Auto,Hide,,,,,,,Shared Labour Billed,  -   ,  -   ,  -   ,  -   ,  -   ,  -   ,  -   ,  -   ,  -   ,  -   ,  -   ,  -   ,  -   ,,  -   ,,  -   ,  -   ,-%,,  -   ,  -   ,-%
,Hide,,,,,,,,,,,,,,,,,,,,,,  -   ,,,,,,,,
,Hide,,,,,,,Salaries Adjustments,  -   ,  -   ,  -   ,  -   ,  -   ,  -   ,  -   ,  -   ,  -   ,  -   ,  -   ,  -   ,  -   ,,  -   ,,  -   ,  -   ,-%,,  -   ,  -   ,-%
,Hide,,,,,,,,,,,,,,,,,,,,,,  -   ,,,,,,,,
,Hide,,,,,,,Direct Mail -Slot Free Play,  -   ,  -   ,  -   ,  -   ,  -   ,  -   ,  -   ,  -   ,  -   ,  -   ,  -   ,  -   ,  -   ,,  -   ,,  -   ,  -   ,-%,,  -   ,  -   ,-%
Auto,Hide,,,,,,,Direct Mail - Table Free Play,  -   ,  -   ,  -   ,  -   ,  -   ,  -   ,  -   ,  -   ,  -   ,  -   ,  -   ,  -   ,  -   ,,  -   ,,  -   ,  -   ,-%,,  -   ,  -   ,-%
Auto,Hide,,,,,,,Freeplay Overcap - Slots,  -   ,  -   ,  -   ,  -   ,  -   ,  -   ,  -   ,  -   ,  -   ,  -   ,  -   ,  -   ,  -   ,,  -   ,,  -   ,  -   ,-%,,  -   ,  -   ,-%
Auto,Hide,,,,,,,Freeplay Overcap - Tables,  -   ,  -   ,  -   ,  -   ,  -   ,  -   ,  -   ,  -   ,  -   ,  -   ,  -   ,  -   ,  -   ,,  -   ,,  -   ,  -   ,-%,,  -   ,  -   ,-%
Auto,Hide,,,,,,,Swipe and Win Freeplay,  -   ,  -   ,  -   ,  -   ,  -   ,  -   ,  -   ,  -   ,  -   ,  -   ,  -   ,  -   ,  -   ,,  -   ,,  -   ,  -   ,-%,,  -   ,  -   ,-%
Auto,Hide,,,,,,,Match Play Coupons,  -   ,  -   ,  -   ,  -   ,  -   ,  -   ,  -   ,  -   ,  -   ,  -   ,  -   ,  -   ,  -   ,,  -   ,,  -   ,  -   ,-%,,  -   ,  -   ,-%
Auto,Hide,,,,,,,Slot Free Play Coupons,  -   ,  -   ,  -   ,  -   ,  -   ,  -   ,  -   ,  -   ,  -   ,  -   ,  -   ,  -   ,  -   ,,  -   ,,  -   ,  -   ,-%,,  -   ,  -   ,-%
Auto,Hide,,,,,,,Play Coupons,  -   ,  -   ,  -   ,  -   ,  -   ,  -   ,  -   ,  -   ,  -   ,  -   ,  -   ,  -   ,  -   ,,  -   ,,  -   ,  -   ,-%,,  -   ,  -   ,-%
Auto,Hide,,,,,,,Bus Tour Offers,  -   ,  -   ,  -   ,  -   ,  -   ,  -   ,  -   ,  -   ,  -   ,  -   ,  -   ,  -   ,  -   ,,  -   ,,  -   ,  -   ,-%,,  -   ,  -   ,-%
Auto,Hide,,,,,,,Inactive Freeplay,  -   ,  -   ,  -   ,  -   ,  -   ,  -   ,  -   ,  -   ,  -   ,  -   ,  -   ,  -   ,  -   ,,  -   ,,  -   ,  -   ,-%,,  -   ,  -   ,-%
Auto,Hide,,,,,,,Direct Mail - Restaurant Coupons,  -   ,  -   ,  -   ,  -   ,  -   ,  -   ,  -   ,  -   ,  -   ,  -   ,  -   ,  -   ,  -   ,,  -   ,,  -   ,  -   ,-%,,  -   ,  -   ,-%
Auto,Hide,,,,,,,Direct Mail - Hotel Coupons,  -   ,  -   ,  -   ,  -   ,  -   ,  -   ,  -   ,  -   ,  -   ,  -   ,  -   ,  -   ,  -   ,,  -   ,,  -   ,  -   ,-%,,  -   ,  -   ,-%
Auto,Show,,,,,,,Food Promo Discounts,"  8,641 ","  10,694 ","  12,619 ","  18,828 ","  21,199 ","  52,382 ","  20,767 ","  17,638 ","  17,250 ","  19,283 ",  -   ,  -   ,"  199,301 ",,"  482,202 ",,"  8,600 ","  (10,683)",(124.22)%,,"  83,600 ","  (115,701)",(138.4)%
Auto,Hide,,,,,,,Player Comps - Meals and Entertainment (Internal),  -   ,  -   ,  -   ,  -   ,  -   ,  -   ,  -   ,  -   ,  -   ,  -   ,  -   ,  -   ,  -   ,,  -   ,,  -   ,  -   ,-%,,  -   ,  -   ,-%
Auto,Hide,,,,,,,Player Comps - Meals - HL XX,  -   ,  -   ,  -   ,  -   ,  -   ,  -   ,  -   ,  -   ,  -   ,  -   ,  -   ,  -   ,  -   ,,  -   ,,  -   ,  -   ,-%,,  -   ,  -   ,-%
Auto,Hide,,,,,,,Ownership Comps - Meals and Ent (Internal),  -   ,  -   ,  -   ,  -   ,  -   ,  -   ,  -   ,  -   ,  -   ,  -   ,  -   ,  -   ,  -   ,,  -   ,,  -   ,  -   ,-%,,  -   ,  -   ,-%
Auto,Hide,,,,,,,Business Comps - Meals and Ent (Internal),  -   ,  -   ,  -   ,  -   ,  -   ,  -   ,  -   ,  -   ,  -   ,  -   ,  -   ,  -   ,  -   ,,  -   ,,  -   ,  -   ,-%,,  -   ,  -   ,-%
Auto,Show,,,,,,,Employee Comps - Meals and Entertain (Internal),"  4,454 ","  4,242 ","  4,227 ","  4,665 ","  4,405 ","  4,034 ","  4,398 ","  4,222 ","  4,008 ","  4,356 ",  -   ,  -   ,"  43,012 ",,"  132,192 ",,"  4,617 ",  260 ,5.64%,,"  46,167 ","  3,154 ",6.83%
Auto,Hide,,,,,,,Employee Recognition - Meals and Ent (Internal),  -   ,  -   ,  -   ,  -   ,  -   ,  -   ,  -   ,  -   ,  -   ,  -   ,  -   ,  -   ,  -   ,,  -   ,,  -   ,  -   ,-%,,  -   ,  -   ,-%
Auto,Hide,,,,,,,Complimentary Authorized Exp,  -   ,  -   ,  -   ,  -   ,  -   ,  -   ,  -   ,  -   ,  -   ,  -   ,  -   ,  -   ,  -   ,,  -   ,,  -   ,  -   ,-%,,  -   ,  -   ,-%
Auto,Hide,,,,,,,market Discount,  -   ,  -   ,  -   ,  -   ,  -   ,  -   ,  -   ,  -   ,  -   ,  -   ,  -   ,  -   ,  -   ,,  -   ,,  -   ,  -   ,-%,,  -   ,  -   ,-%
Auto,Hide,,,,,,,Player Comps - Hotel Room,  -   ,  -   ,  -   ,  -   ,  -   ,  -   ,  -   ,  -   ,  -   ,  -   ,  -   ,  -   ,  -   ,,  -   ,,  -   ,  -   ,-%,,  -   ,  -   ,-%
Auto,Hide,,,,,,,Employee Comps - Hotel Room,  -   ,  -   ,  -   ,  -   ,  -   ,  -   ,  -   ,  -   ,  -   ,  -   ,  -   ,  -   ,  -   ,,  -   ,,  -   ,  -   ,-%,,  -   ,  -   ,-%
Auto,Hide,,,,,,,Players Comp - Spa Services,  -   ,  -   ,  -   ,  -   ,  -   ,  -   ,  -   ,  -   ,  -   ,  -   ,  -   ,  -   ,  -   ,,  -   ,,  -   ,  -   ,-%,,  -   ,  -   ,-%
Auto,Hide,,,,,,,Player Comps - Parking,  -   ,  -   ,  -   ,  -   ,  -   ,  -   ,  -   ,  -   ,  -   ,  -   ,  -   ,  -   ,  -   ,,  -   ,,  -   ,  -   ,-%,,  -   ,  -   ,-%
,Hide,,,,,,,,,,,,,,,,,,,,,,  -   ,,,,,,,,
,Show,,,,,,,"Promotional allowances, Total","  13,095 ","  14,937 ","  16,846 ","  23,493 ","  25,604 ","  56,415 ","  25,165 ","  21,860 ","  21,258 ","  23,640 ",  -   ,  -   ,"  242,313 ",,"  614,393 ",,"  13,217 ","  (10,423)",(78.86)%,,"  129,767 ","  (112,547)",(86.73)%
,Show,,,,,,,,,,,,,,,,,,,,,,  -   ,,,,,,,,
,Hide,,,,,,,Employee Assistance Program,  -   ,  -   ,  -   ,  -   ,  -   ,  -   ,  -   ,  -   ,  -   ,  -   ,  -   ,  -   ,  -   ,,  -   ,,  -   ,  -   ,-%,,  -   ,  -   ,-%
Auto,Hide,,,,,,,Employee Recognition,  -   ,  -   ,  -   ,  -   ,  -   ,  -   ,  -   ,  -   ,  -   ,  -   ,  -   ,  -   ,  -   ,,  -   ,,  -   ,  -   ,-%,,  -   ,  -   ,-%
Auto,Hide,,,,,,,Employee Recognition - Meals and Ent (External),  -   ,  -   ,  -   ,  -   ,  -   ,  -   ,  -   ,  -   ,  -   ,  -   ,  -   ,  -   ,  -   ,,  -   ,,  -   ,  -   ,-%,,  -   ,  -   ,-%
Auto,Hide,,,,,,,Social Committee - Staff Events,  -   ,  -   ,  -   ,  -   ,  -   ,  -   ,  -   ,  -   ,  -   ,  -   ,  -   ,  -   ,  -   ,,  -   ,,  -   ,  -   ,-%,,  -   ,  -   ,-%
Auto,Hide,,,,,,,Circle of Service,  -   ,  -   ,  -   ,  -   ,  -   ,  -   ,  -   ,  -   ,  -   ,  -   ,  -   ,  -   ,  -   ,,  -   ,,  -   ,  -   ,-%,,  -   ,  -   ,-%
Auto,Hide,,,,,,,Training,  -   ,  -   ,  -   ,  -   ,  -   ,  -   ,  -   ,  -   ,  -   ,  -   ,  -   ,  -   ,  -   ,,  -   ,,  -   ,  -   ,-%,,  -   ,  -   ,-%
Auto,Hide,,,,,,,Tuition Reimbursement Expense,  -   ,  -   ,  -   ,  -   ,  -   ,  -   ,  -   ,  -   ,  -   ,  -   ,  -   ,  -   ,  -   ,,  -   ,,  -   ,  -   ,-%,,  -   ,  -   ,-%
Auto,Hide,,,,,,,New Hire Expenses,  -   ,  -   ,  -   ,  -   ,  -   ,  -   ,  -   ,  -   ,  -   ,  -   ,  -   ,  -   ,  -   ,,  -   ,,  -   ,  -   ,-%,,  -   ,  -   ,-%
Auto,Hide,,,,,,,Recruitment,  -   ,  -   ,  -   ,  -   ,  -   ,  -   ,  -   ,  -   ,  -   ,  -   ,  -   ,  -   ,  -   ,,  -   ,,  -   ,  -   ,-%,,  -   ,  -   ,-%
,Hide,,,,,,,,,,,,,,,,,,,,,,  -   ,,,,,,,,
,Hide,,,,,,,"Employee Related Expenses, Total",  -   ,  -   ,  -   ,  -   ,  -   ,  -   ,  -   ,  -   ,  -   ,  -   ,  -   ,  -   ,  -   ,,  -   ,,  -   ,  -   ,-%,,  -   ,  -   ,-%
,Hide,,,,,,,,,,,,,,,,,,,,,,  -   ,,,,,,,,
,Hide,,,,,,,Media - Television,  -   ,  -   ,  -   ,  -   ,  -   ,  -   ,  -   ,  -   ,  -   ,  -   ,  -   ,  -   ,  -   ,,  -   ,,  -   ,  -   ,-%,,  -   ,  -   ,-%
Auto,Hide,,,,,,,Media - Radio,  -   ,  -   ,  -   ,  -   ,  -   ,  -   ,  -   ,  -   ,  -   ,  -   ,  -   ,  -   ,  -   ,,  -   ,,  -   ,  -   ,-%,,  -   ,  -   ,-%
Auto,Hide,,,,,,,Media - Print,  -   ,  -   ,  -   ,  -   ,  -   ,  -   ,  -   ,  -   ,  -   ,  -   ,  -   ,  -   ,  -   ,,  -   ,,  -   ,  -   ,-%,,  -   ,  -   ,-%
Auto,Hide,,,,,,,Media - Digital,  -   ,  -   ,  -   ,  -   ,  -   ,  -   ,  -   ,  -   ,  -   ,  -   ,  -   ,  -   ,  -   ,,  -   ,,  -   ,  -   ,-%,,  -   ,  -   ,-%
Auto,Hide,,,,,,,Media - Outdoor,  -   ,  -   ,  -   ,  -   ,  -   ,  -   ,  -   ,  -   ,  -   ,  -   ,  -   ,  -   ,  -   ,,  -   ,,  -   ,  -   ,-%,,  -   ,  -   ,-%
Auto,Hide,,,,,,,Advertising Artwork,  -   ,  -   ,  -   ,  -   ,  -   ,  -   ,  -   ,  -   ,  -   ,  -   ,  -   ,  -   ,  -   ,,  -   ,,  -   ,  -   ,-%,,  -   ,  -   ,-%
Auto,Hide,,,,,,,Other Advertising,  -   ,  -   ,  -   ,  -   ,  -   ,  -   ,  -   ,  -   ,  -   ,  -   ,  -   ,  -   ,  -   ,,  -   ,,  -   ,  -   ,-%,,  -   ,  -   ,-%
Auto,Hide,,,,,,,Direct Mail - Printing,  -   ,  -   ,  -   ,  -   ,  -   ,  -   ,  -   ,  -   ,  -   ,  -   ,  -   ,  -   ,  -   ,,  -   ,,  -   ,  -   ,-%,,  -   ,  -   ,-%
Auto,Hide,,,,,,,Agency Fees & Commissions,  -   ,  -   ,  -   ,  -   ,  -   ,  -   ,  -   ,  -   ,  -   ,  -   ,  -   ,  -   ,  -   ,,  -   ,,  -   ,  -   ,-%,,  -   ,  -   ,-%
Auto,Hide,,,,,,,Resort Credit Commission,  -   ,  -   ,  -   ,  -   ,  -   ,  -   ,  -   ,  -   ,  -   ,  -   ,  -   ,  -   ,  -   ,,  -   ,,  -   ,  -   ,-%,,  -   ,  -   ,-%
Auto,Hide,,,,,,,Bus Tour Commission,  -   ,  -   ,  -   ,  -   ,  -   ,  -   ,  -   ,  -   ,  -   ,  -   ,  -   ,  -   ,  -   ,,  -   ,,  -   ,  -   ,-%,,  -   ,  -   ,-%
Auto,Hide,,,,,,,Sponsorship,  -   ,  -   ,  -   ,  -   ,  -   ,  -   ,  -   ,  -   ,  -   ,  -   ,  -   ,  -   ,  -   ,,  -   ,,  -   ,  -   ,-%,,  -   ,  -   ,-%
Auto,Hide,,,,,,,Sponsorship - Hockey,  -   ,  -   ,  -   ,  -   ,  -   ,  -   ,  -   ,  -   ,  -   ,  -   ,  -   ,  -   ,  -   ,,  -   ,,  -   ,  -   ,-%,,  -   ,  -   ,-%
Auto,Hide,,,,,,,Gifts,  -   ,  -   ,  -   ,  -   ,  -   ,  -   ,  -   ,  -   ,  -   ,  -   ,  -   ,  -   ,  -   ,,  -   ,,  -   ,  -   ,-%,,  -   ,  -   ,-%
Auto,Hide,,,,,,,Collateral Material,  -   ,  -   ,  -   ,  -   ,  -   ,  -   ,  -   ,  -   ,  -   ,  -   ,  -   ,  -   ,  -   ,,  -   ,,  -   ,  -   ,-%,,  -   ,  -   ,-%
Auto,Hide,,,,,,,Other Marketing Costs,  -   ,  -   ,  -   ,  -   ,  -   ,  -   ,  -   ,  -   ,  -   ,  -   ,  -   ,  -   ,  -   ,,  -   ,,  -   ,  -   ,-%,,  -   ,  -   ,-%
Auto,Hide,,,,,,,Tournament Prizes,  -   ,  -   ,  -   ,  -   ,  -   ,  -   ,  -   ,  -   ,  -   ,  -   ,  -   ,  -   ,  -   ,,  -   ,,  -   ,  -   ,-%,,  -   ,  -   ,-%
Auto,Hide,,,,,,,Promotional Giveaways,  -   ,  -   ,  -   ,  -   ,  -   ,  -   ,  -   ,  -   ,  -   ,  -   ,  -   ,  -   ,  -   ,,  -   ,,  -   ,  -   ,-%,,  -   ,  -   ,-%
Auto,Hide,,,,,,,Global Cash Fees,  -   ,  -   ,  -   ,  -   ,  -   ,  -   ,  -   ,  -   ,  -   ,  -   ,  -   ,  -   ,  -   ,,  -   ,,  -   ,  -   ,-%,,  -   ,  -   ,-%
Auto,Hide,,,,,,,Table Errors,  -   ,  -   ,  -   ,  -   ,  -   ,  -   ,  -   ,  -   ,  -   ,  -   ,  -   ,  -   ,  -   ,,  -   ,,  -   ,  -   ,-%,,  -   ,  -   ,-%
Auto,Hide,,,,,,,Player Incentive,  -   ,  -   ,  -   ,  -   ,  -   ,  -   ,  -   ,  -   ,  -   ,  -   ,  -   ,  -   ,  -   ,,  -   ,,  -   ,  -   ,-%,,  -   ,  -   ,-%
Auto,Hide,,,,,,,Pay Per View,  -   ,  -   ,  -   ,  -   ,  -   ,  -   ,  -   ,  -   ,  -   ,  -   ,  -   ,  -   ,  -   ,,  -   ,,  -   ,  -   ,-%,,  -   ,  -   ,-%
Auto,Hide,,,,,,,Special Events,  -   ,  -   ,  -   ,  -   ,  -   ,  -   ,  -   ,  -   ,  -   ,  -   ,  -   ,  -   ,  -   ,,  -   ,,  -   ,  -   ,-%,,  -   ,  -   ,-%
Auto,Hide,,,,,,,X Interco Charges,  -   ,  -   ,  -   ,  -   ,  -   ,  -   ,  -   ,  -   ,  -   ,  -   ,  -   ,  -   ,  -   ,,  -   ,,  -   ,  -   ,-%,,  -   ,  -   ,-%
Auto,Hide,,,,,,,Music and Entertainment (Internal),  -   ,  -   ,  -   ,  -   ,  -   ,  -   ,  -   ,  -   ,  -   ,  -   ,  -   ,  -   ,  -   ,,  -   ,,  -   ,  -   ,-%,,  -   ,  -   ,-%
Auto,Hide,,,,,,,Player Comps - Meals and Entertainment (External),  -   ,  -   ,  -   ,  -   ,  -   ,  -   ,  -   ,  -   ,  -   ,  -   ,  -   ,  -   ,  -   ,,  -   ,,  -   ,  -   ,-%,,  -   ,  -   ,-%
Auto,Hide,,,,,,,Customer Development,  -   ,  -   ,  -   ,  -   ,  -   ,  -   ,  -   ,  -   ,  -   ,  -   ,  -   ,  -   ,  -   ,,  -   ,,  -   ,  -   ,-%,,  -   ,  -   ,-%
Auto,Hide,,,,,,,VIP Customer Development,  -   ,  -   ,  -   ,  -   ,  -   ,  -   ,  -   ,  -   ,  -   ,  -   ,  -   ,  -   ,  -   ,,  -   ,,  -   ,  -   ,-%,,  -   ,  -   ,-%
Auto,Show,,,,,,,Complimentary Amenities,  260 ,  445 ,  358 ,  589 ,  177 ,  177 ,  412 ,  526 ,  347 ,  -   ,  -   ,  -   ,"  3,289 ",,"  11,577 ",,  500 ,  500 ,100.0%,,"  5,000 ","  1,711 ",34.23%
Auto,Hide,,,,,,,Comp. Amenities - Entertainment,  -   ,  -   ,  -   ,  -   ,  -   ,  -   ,  -   ,  -   ,  -   ,  -   ,  -   ,  -   ,  -   ,,  -   ,,  -   ,  -   ,-%,,  -   ,  -   ,-%
Auto,Hide,,,,,,,Comp. Amenities - Hotel Guest Supplies,  -   ,  -   ,  -   ,  -   ,  -   ,  -   ,  -   ,  -   ,  -   ,  -   ,  -   ,  -   ,  -   ,,  -   ,,  -   ,  -   ,-%,,  -   ,  -   ,-%
Auto,Hide,,,,,,,Comp. Amenities - Other,  -   ,  -   ,  -   ,  -   ,  -   ,  -   ,  -   ,  -   ,  -   ,  -   ,  -   ,  -   ,  -   ,,  -   ,,  -   ,  -   ,-%,,  -   ,  -   ,-%
Auto,Hide,,,,,,,Marketing Rebate,  -   ,  -   ,  -   ,  -   ,  -   ,  -   ,  -   ,  -   ,  -   ,  -   ,  -   ,  -   ,  -   ,,  -   ,,  -   ,  -   ,-%,,  -   ,  -   ,-%
Auto,Hide,,,,,,,External Player Accommodations,  -   ,  -   ,  -   ,  -   ,  -   ,  -   ,  -   ,  -   ,  -   ,  -   ,  -   ,  -   ,  -   ,,  -   ,,  -   ,  -   ,-%,,  -   ,  -   ,-%
Auto,Show,,,,,,,Player Comps - Meals - HL XX - Contra,"  (12,613)","  (12,360)","  (12,360)","  (12,360)","  (12,360)","  (12,360)","  (12,360)","  (12,360)","  (12,360)","  (12,360)",  -   ,  -   ,"  (123,853)",,"  (371,306)",,"  (12,360)",  -   ,-%,,"  (123,600)",  253 ,(0.2)%
Auto,Hide,,,,,,,Other Charges,  -   ,  -   ,  -   ,  -   ,  -   ,  -   ,  -   ,  -   ,  -   ,  -   ,  -   ,  -   ,  -   ,,  -   ,,  -   ,  -   ,-%,,  -   ,  -   ,-%
,Hide,,,,,,,,,,,,,,,,,,,,,,  -   ,,,,,,,,
,Show,,,,,,,"Marketing and Sales, Total","  (12,353)","  (11,915)","  (12,002)","  (11,772)","  (12,183)","  (12,183)","  (11,948)","  (11,834)","  (12,013)","  (12,360)",  -   ,  -   ,"  (120,564)",,"  (359,729)",,"  (11,860)",  500 ,(4.22)%,,"  (118,600)","  1,964 ",(1.66)%
,Show,,,,,,,,,,,,,,,,,,,,,,  -   ,,,,,,,,
,Show,,,,,,,Fees,  67 ,  63 ,  214 ,  196 ,  197 ,  201 ,  202 ,  202 ,  207 ,  212 ,  -   ,  -   ,"  1,760 ",,"  4,320 ",,  80 ,  (132),(164.45)%,,  800 ,  (960),(119.98)%
Auto,Hide,,,,,,,Legal & Professional Fees,  -   ,  -   ,  -   ,  -   ,  -   ,  -   ,  -   ,  -   ,  -   ,  -   ,  -   ,  -   ,  -   ,,  -   ,,  -   ,  -   ,-%,,  -   ,  -   ,-%
Auto,Hide,,,,,,,Auditing & Accounting Fees,  -   ,  -   ,  -   ,  -   ,  -   ,  -   ,  -   ,  -   ,  -   ,  -   ,  -   ,  -   ,  -   ,,  -   ,,  -   ,  -   ,-%,,  -   ,  -   ,-%
Auto,Hide,,,,,,,Professional Services,  -   ,  -   ,  -   ,  -   ,  -   ,  -   ,  -   ,  -   ,  -   ,  -   ,  -   ,  -   ,  -   ,,  -   ,,  -   ,  -   ,-%,,  -   ,  -   ,-%
Auto,Hide,,,,,,,Consultants,  -   ,  -   ,  -   ,  -   ,  -   ,  -   ,  -   ,  -   ,  -   ,  -   ,  -   ,  -   ,  -   ,,  -   ,,  -   ,  -   ,-%,,  -   ,  -   ,-%
Auto,Hide,,,,,,,Outside Labor Services,  -   ,  -   ,  -   ,  -   ,  -   ,  -   ,  -   ,  -   ,  -   ,  -   ,  -   ,  -   ,  -   ,,  -   ,,  -   ,  -   ,-%,,  -   ,  -   ,-%
Auto,Show,,,,,,,Research & Development,  167 ,  -   ,  -   ,  -   ,  -   ,  -   ,  -   ,  -   ,  -   ,  -   ,  -   ,  -   ,  167 ,,  334 ,,  -   ,  -   ,-%,,  -   ,  (167),-%
Auto,Hide,,,,,,,Regulatory Investigative Fees,  -   ,  -   ,  -   ,  -   ,  -   ,  -   ,  -   ,  -   ,  -   ,  -   ,  -   ,  -   ,  -   ,,  -   ,,  -   ,  -   ,-%,,  -   ,  -   ,-%
,Hide,,,,,,,,,,,,,,,,,,,,,,  -   ,,,,,,,,
,Show,,,,,,,"Professional Fees, Total",  234 ,  63 ,  214 ,  196 ,  197 ,  201 ,  202 ,  202 ,  207 ,  212 ,  -   ,  -   ,"  1,927 ",,"  4,653 ",,  80 ,  (132),(164.45)%,,  800 ,"  (1,127)",(140.83)%
,Show,,,,,,,,,,,,,,,,,,,,,,  -   ,,,,,,,,
,Hide,,,,,,,Social Responsibility,  -   ,  -   ,  -   ,  -   ,  -   ,  -   ,  -   ,  -   ,  -   ,  -   ,  -   ,  -   ,  -   ,,  -   ,,  -   ,  -   ,-%,,  -   ,  -   ,-%
Auto,Hide,,,,,,,Responsible Gaming,  -   ,  -   ,  -   ,  -   ,  -   ,  -   ,  -   ,  -   ,  -   ,  -   ,  -   ,  -   ,  -   ,,  -   ,,  -   ,  -   ,-%,,  -   ,  -   ,-%
Auto,Hide,,,,,,,Charitable Contributions,  -   ,  -   ,  -   ,  -   ,  -   ,  -   ,  -   ,  -   ,  -   ,  -   ,  -   ,  -   ,  -   ,,  -   ,,  -   ,  -   ,-%,,  -   ,  -   ,-%
Auto,Show,,,,,,,Licenses & Permits,"  3,811 ",  901 ,  906 ,"  1,350 ",  915 ,  916 ,  889 ,"  18,471 ","  2,987 ","  2,963 ",  -   ,  -   ,"  34,110 ",,"  98,536 ",,"  2,873 ",  (90),(3.13)%,,"  30,315 ","  (3,795)",(12.52)%
Auto,Hide,,,,,,,SOCAN Fees,  -   ,  -   ,  -   ,  -   ,  -   ,  -   ,  -   ,  -   ,  -   ,  -   ,  -   ,  -   ,  -   ,,  -   ,,  -   ,  -   ,-%,,  -   ,  -   ,-%
Auto,Hide,,,,,,,Royalty Fees,  -   ,  -   ,  -   ,  -   ,  -   ,  -   ,  -   ,  -   ,  -   ,  -   ,  -   ,  -   ,  -   ,,  -   ,,  -   ,  -   ,-%,,  -   ,  -   ,-%
Auto,Show,,,,,,,Equipment Rental,"  1,347 ","  2,274 ","  1,417 ","  1,438 ","  1,764 ","  1,442 ","  1,050 ","  1,462 ","  1,370 ","  1,287 ",  -   ,  -   ,"  14,852 ",,"  40,714 ",,"  1,101 ",  (186),(16.93)%,,"  11,010 ","  (3,842)",(34.9)%
Auto,Hide,,,,,,,Furniture and Equipment,  -   ,  -   ,  -   ,  -   ,  -   ,  -   ,  -   ,  -   ,  -   ,  -   ,  -   ,  -   ,  -   ,,  -   ,,  -   ,  -   ,-%,,  -   ,  -   ,-%
Auto,Hide,,,,,,,Utensils and Tools,  -   ,  -   ,  -   ,  -   ,  -   ,  -   ,  -   ,  -   ,  -   ,  -   ,  -   ,  -   ,  -   ,,  -   ,,  -   ,  -   ,-%,,  -   ,  -   ,-%
Auto,Show,,,,,,,Cleaning Supplies,"  1,436 ","  1,651 ","  1,783 ","  1,360 ","  1,811 ","  2,069 ","  1,653 ","  1,645 ","  2,930 ","  1,315 ",  -   ,  -   ,"  17,654 ",,"  49,208 ",,"  1,390 ",  75 ,5.39%,,"  13,900 ","  (3,754)",(27.01)%
Auto,Hide,,,,,,,Paper Supplies,  -   ,  -   ,  -   ,  -   ,  -   ,  -   ,  -   ,  -   ,  -   ,  -   ,  -   ,  -   ,  -   ,,  -   ,,  -   ,  -   ,-%,,  -   ,  -   ,-%
Auto,Show,,,,,,,Replacements Supplies - China/Glass/Ctlry,  131 ,"  1,027 ",  307 ,  -   ,  91 ,  353 ,  702 ,  -   ,  412 ,  805 ,  -   ,  -   ,"  3,830 ",,"  10,810 ",,  300 ,  (505),(168.42)%,,"  3,150 ",  (680),(21.59)%
Auto,Show,,,,,,,Paper and Plastic Disposables Supplies,"  6,412 ","  6,767 ","  7,277 ","  7,950 ","  7,074 ","  7,155 ","  6,992 ","  7,374 ","  7,795 ","  8,407 ",  -   ,  -   ,"  73,203 ",,"  207,906 ",,"  6,150 ","  (2,257)",(36.7)%,,"  61,500 ","  (11,703)",(19.03)%
Auto,Hide,,,,,,,Gaming Supplies,  -   ,  -   ,  -   ,  -   ,  -   ,  -   ,  -   ,  -   ,  -   ,  -   ,  -   ,  -   ,  -   ,,  -   ,,  -   ,  -   ,-%,,  -   ,  -   ,-%
Auto,Hide,,,,,,,Health and Beauty Supplies,  -   ,  -   ,  -   ,  -   ,  -   ,  -   ,  -   ,  -   ,  -   ,  -   ,  -   ,  -   ,  -   ,,  -   ,,  -   ,  -   ,-%,,  -   ,  -   ,-%
Auto,Hide,,,,,,,Linen,  -   ,  -   ,  -   ,  -   ,  -   ,  -   ,  -   ,  -   ,  -   ,  -   ,  -   ,  -   ,  -   ,,  -   ,,  -   ,  -   ,-%,,  -   ,  -   ,-%
Auto,Hide,,,,,,,Flowers and DÃ©cor,  -   ,  -   ,  -   ,  -   ,  -   ,  -   ,  -   ,  -   ,  -   ,  -   ,  -   ,  -   ,  -   ,,  -   ,,  -   ,  -   ,-%,,  -   ,  -   ,-%
Auto,Show,,,,,,,Supplies,"  3,028 ","  3,932 ","  2,000 ","  2,412 ","  1,775 ","  1,574 ","  1,584 ","  2,719 ","  2,239 ","  1,890 ",  -   ,  -   ,"  23,152 ",,"  66,555 ",,"  2,025 ",  135 ,6.67%,,"  20,250 ","  (2,902)",(14.33)%
Auto,Hide,,,,,,,Guest Supplies,  -   ,  -   ,  -   ,  -   ,  -   ,  -   ,  -   ,  -   ,  -   ,  -   ,  -   ,  -   ,  -   ,,  -   ,,  -   ,  -   ,-%,,  -   ,  -   ,-%
Auto,Hide,,,,,,,Office Supplies,  -   ,  -   ,  -   ,  -   ,  -   ,  -   ,  -   ,  -   ,  -   ,  -   ,  -   ,  -   ,  -   ,,  -   ,,  -   ,  -   ,-%,,  -   ,  -   ,-%
Auto,Hide,,,,,,,Breakroom Supplies,  -   ,  -   ,  -   ,  -   ,  -   ,  -   ,  -   ,  -   ,  -   ,  -   ,  -   ,  -   ,  -   ,,  -   ,,  -   ,  -   ,-%,,  -   ,  -   ,-%
Auto,Hide,,,,,,,Printing,  -   ,  -   ,  -   ,  -   ,  -   ,  -   ,  -   ,  -   ,  -   ,  -   ,  -   ,  -   ,  -   ,,  -   ,,  -   ,  -   ,-%,,  -   ,  -   ,-%
Auto,Hide,,,,,,,Armoured Car Service,  -   ,  -   ,  -   ,  -   ,  -   ,  -   ,  -   ,  -   ,  -   ,  -   ,  -   ,  -   ,  -   ,,  -   ,,  -   ,  -   ,-%,,  -   ,  -   ,-%
Auto,Hide,,,,,,,External Employee Meals,  -   ,  -   ,  -   ,  -   ,  -   ,  -   ,  -   ,  -   ,  -   ,  -   ,  -   ,  -   ,  -   ,,  -   ,,  -   ,  -   ,-%,,  -   ,  -   ,-%
Auto,Hide,,,,,,,Uniforms,  -   ,  -   ,  -   ,  -   ,  -   ,  -   ,  -   ,  -   ,  -   ,  -   ,  -   ,  -   ,  -   ,,  -   ,,  -   ,  -   ,-%,,  -   ,  -   ,-%
Auto,Show,,,,,,,Laundry & Dry Cleaning,"  2,281 ","  2,164 ","  1,705 ","  1,773 ","  1,772 ","  1,870 ","  2,141 ","  1,734 ","  1,524 ","  2,080 ",  -   ,  -   ,"  19,044 ",,"  54,589 ",,"  1,650 ",  (430),(26.04)%,,"  16,500 ","  (2,544)",(15.42)%
Auto,Hide,,,,,,,Communications,  -   ,  -   ,  -   ,  -   ,  -   ,  -   ,  -   ,  -   ,  -   ,  -   ,  -   ,  -   ,  -   ,,  -   ,,  -   ,  -   ,-%,,  -   ,  -   ,-%
Auto,Show,,,,,,,Telephone,  175 ,  175 ,  (7),  175 ,  140 ,  140 ,  140 ,  140 ,  140 ,  140 ,  -   ,  -   ,"  1,359 ",,"  4,467 ",,  175 ,  35 ,19.84%,,"  1,750 ",  391 ,22.36%
Auto,Hide,,,,,,,"Postage, Courier and Freight",  -   ,  -   ,  -   ,  -   ,  -   ,  -   ,  -   ,  -   ,  -   ,  -   ,  -   ,  -   ,  -   ,,  -   ,,  -   ,  -   ,-%,,  -   ,  -   ,-%
Auto,Show,,,,,,,Dues & Subscriptions,  -   ,  -   ,  -   ,  -   ,  675 ,  675 ,  675 ,"  5,031 ","  6,984 ","  5,604 ",  -   ,  -   ,"  19,644 ",,"  39,288 ",,  -   ,"  (5,604)",-%,,  -   ,"  (19,644)",-%
Auto,Hide,,,,,,,Common Area Costs,  -   ,  -   ,  -   ,  -   ,  -   ,  -   ,  -   ,  -   ,  -   ,  -   ,  -   ,  -   ,  -   ,,  -   ,,  -   ,  -   ,-%,,  -   ,  -   ,-%
Auto,Hide,,,,,,,Pest Control,  -   ,  -   ,  -   ,  -   ,  -   ,  -   ,  -   ,  -   ,  -   ,  -   ,  -   ,  -   ,  -   ,,  -   ,,  -   ,  -   ,-%,,  -   ,  -   ,-%
Auto,Hide,,,,,,,Plants and Grounds,  -   ,  -   ,  -   ,  -   ,  -   ,  -   ,  -   ,  -   ,  -   ,  -   ,  -   ,  -   ,  -   ,,  -   ,,  -   ,  -   ,-%,,  -   ,  -   ,-%
Auto,Hide,,,,,,,Waste Removal,  -   ,  -   ,  -   ,  -   ,  -   ,  -   ,  -   ,  -   ,  -   ,  -   ,  -   ,  -   ,  -   ,,  -   ,,  -   ,  -   ,-%,,  -   ,  -   ,-%
Auto,Hide,,,,,,,Alarm / Fire Protection,  -   ,  -   ,  -   ,  -   ,  -   ,  -   ,  -   ,  -   ,  -   ,  -   ,  -   ,  -   ,  -   ,,  -   ,,  -   ,  -   ,-%,,  -   ,  -   ,-%
Auto,Show,,,,,,,Repairs and Maintenance,"  7,433 ","  6,141 ","  8,271 ","  2,258 ","  5,282 ","  5,476 ","  6,359 ","  8,439 ","  20,958 ","  40,273 ",  -   ,  -   ,"  110,893 ",,"  319,287 ",,"  9,750 ","  (30,523)",(313.06)%,,"  97,500 ","  (13,393)",(13.74)%
Auto,Hide,,,,,,,R&M - Vehicles,  -   ,  -   ,  -   ,  -   ,  -   ,  -   ,  -   ,  -   ,  -   ,  -   ,  -   ,  -   ,  -   ,,  -   ,,  -   ,  -   ,-%,,  -   ,  -   ,-%
Auto,Hide,,,,,,,Shared Opex Incurred,  -   ,  -   ,  -   ,  -   ,  -   ,  -   ,  -   ,  -   ,  -   ,  -   ,  -   ,  -   ,  -   ,,  -   ,,  -   ,  -   ,-%,,  -   ,  -   ,-%
Auto,Hide,,,,,,,Shared Opex Reimbursed,  -   ,  -   ,  -   ,  -   ,  -   ,  -   ,  -   ,  -   ,  -   ,  -   ,  -   ,  -   ,  -   ,,  -   ,,  -   ,  -   ,-%,,  -   ,  -   ,-%
Auto,Hide,,,,,,,Room Charges,  -   ,  -   ,  -   ,  -   ,  -   ,  -   ,  -   ,  -   ,  -   ,  -   ,  -   ,  -   ,  -   ,,  -   ,,  -   ,  -   ,-%,,  -   ,  -   ,-%
Auto,Hide,,,,,,,Spa Charges,  -   ,  -   ,  -   ,  -   ,  -   ,  -   ,  -   ,  -   ,  -   ,  -   ,  -   ,  -   ,  -   ,,  -   ,,  -   ,  -   ,-%,,  -   ,  -   ,-%
Auto,Hide,,,,,,,Meal Charges,  -   ,  -   ,  -   ,  -   ,  -   ,  -   ,  -   ,  -   ,  -   ,  -   ,  -   ,  -   ,  -   ,,  -   ,,  -   ,  -   ,-%,,  -   ,  -   ,-%
Auto,Hide,,,,,,,Engineering Charges,  -   ,  -   ,  -   ,  -   ,  -   ,  -   ,  -   ,  -   ,  -   ,  -   ,  -   ,  -   ,  -   ,,  -   ,,  -   ,  -   ,-%,,  -   ,  -   ,-%
Auto,Hide,,,,,,,Vehicles Expense,  -   ,  -   ,  -   ,  -   ,  -   ,  -   ,  -   ,  -   ,  -   ,  -   ,  -   ,  -   ,  -   ,,  -   ,,  -   ,  -   ,-%,,  -   ,  -   ,-%
Auto,Hide,,,,,,,Transportation,  -   ,  -   ,  -   ,  -   ,  -   ,  -   ,  -   ,  -   ,  -   ,  -   ,  -   ,  -   ,  -   ,,  -   ,,  -   ,  -   ,-%,,  -   ,  -   ,-%
Auto,Hide,,,,,,,Guest Transportation,  -   ,  -   ,  -   ,  -   ,  -   ,  -   ,  -   ,  -   ,  -   ,  -   ,  -   ,  -   ,  -   ,,  -   ,,  -   ,  -   ,-%,,  -   ,  -   ,-%
Auto,Hide,,,,,,,Employee Transportation,  -   ,  -   ,  -   ,  -   ,  -   ,  -   ,  -   ,  -   ,  -   ,  -   ,  -   ,  -   ,  -   ,,  -   ,,  -   ,  -   ,-%,,  -   ,  -   ,-%
Auto,Hide,,,,,,,Parking Expense,  -   ,  -   ,  -   ,  -   ,  -   ,  -   ,  -   ,  -   ,  -   ,  -   ,  -   ,  -   ,  -   ,,  -   ,,  -   ,  -   ,-%,,  -   ,  -   ,-%
Auto,Hide,,,,,,,Parking Vouchers,  -   ,  -   ,  -   ,  -   ,  -   ,  -   ,  -   ,  -   ,  -   ,  -   ,  -   ,  -   ,  -   ,,  -   ,,  -   ,  -   ,-%,,  -   ,  -   ,-%
Auto,Show,,,,,,,Bank Charges,"  8,724 ","  6,552 ","  7,339 ","  8,208 ","  8,236 ","  6,523 ","  6,747 ","  6,248 ","  7,172 ","  7,892 ",  -   ,  -   ,"  73,642 ",,"  226,323 ",,"  8,603 ",  711 ,8.26%,,"  79,040 ","  5,399 ",6.83%
Auto,Show,,,,,,,Cash (Overages)/Shortages,  (128),  84 ,  86 ,"  (1,567)","  1,735 ",  (437),  (168),  44 ,  (144),  121 ,  -   ,  -   ,  (375),,  (749),,  -   ,  (121),-%,,  -   ,  375 ,-%
Auto,Hide,,,,,,,F&B Cash (Overages)/Shortages,  -   ,  -   ,  -   ,  -   ,  -   ,  -   ,  -   ,  -   ,  -   ,  -   ,  -   ,  -   ,  -   ,,  -   ,,  -   ,  -   ,-%,,  -   ,  -   ,-%
Auto,Hide,,,,,,,Shortpays/NRT Rounding Expense,  -   ,  -   ,  -   ,  -   ,  -   ,  -   ,  -   ,  -   ,  -   ,  -   ,  -   ,  -   ,  -   ,,  -   ,,  -   ,  -   ,-%,,  -   ,  -   ,-%
Auto,Hide,,,,,,,EX Gratia,  -   ,  -   ,  -   ,  -   ,  -   ,  -   ,  -   ,  -   ,  -   ,  -   ,  -   ,  -   ,  -   ,,  -   ,,  -   ,  -   ,-%,,  -   ,  -   ,-%
Auto,Hide,,,,,,,Water,  -   ,  -   ,  -   ,  -   ,  -   ,  -   ,  -   ,  -   ,  -   ,  -   ,  -   ,  -   ,  -   ,,  -   ,,  -   ,  -   ,-%,,  -   ,  -   ,-%
Auto,Hide,,,,,,,Gas,  -   ,  -   ,  -   ,  -   ,  -   ,  -   ,  -   ,  -   ,  -   ,  -   ,  -   ,  -   ,  -   ,,  -   ,,  -   ,  -   ,-%,,  -   ,  -   ,-%
Auto,Hide,,,,,,,Electricity,  -   ,  -   ,  -   ,  -   ,  -   ,  -   ,  -   ,  -   ,  -   ,  -   ,  -   ,  -   ,  -   ,,  -   ,,  -   ,  -   ,-%,,  -   ,  -   ,-%
Auto,Hide,,,,,,,Other Utilities,  -   ,  -   ,  -   ,  -   ,  -   ,  -   ,  -   ,  -   ,  -   ,  -   ,  -   ,  -   ,  -   ,,  -   ,,  -   ,  -   ,-%,,  -   ,  -   ,-%
Auto,Hide,,,,,,,Steam,  -   ,  -   ,  -   ,  -   ,  -   ,  -   ,  -   ,  -   ,  -   ,  -   ,  -   ,  -   ,  -   ,,  -   ,,  -   ,  -   ,-%,,  -   ,  -   ,-%
Auto,Hide,,,,,,,Electricity Contra Account,  -   ,  -   ,  -   ,  -   ,  -   ,  -   ,  -   ,  -   ,  -   ,  -   ,  -   ,  -   ,  -   ,,  -   ,,  -   ,  -   ,-%,,  -   ,  -   ,-%
Auto,Hide,,,,,,,Property / Liability Insurance,  -   ,  -   ,  -   ,  -   ,  -   ,  -   ,  -   ,  -   ,  -   ,  -   ,  -   ,  -   ,  -   ,,  -   ,,  -   ,  -   ,-%,,  -   ,  -   ,-%
Auto,Hide,,,,,,,Auto Insurance,  -   ,  -   ,  -   ,  -   ,  -   ,  -   ,  -   ,  -   ,  -   ,  -   ,  -   ,  -   ,  -   ,,  -   ,,  -   ,  -   ,-%,,  -   ,  -   ,-%
Auto,Hide,,,,,,,Insurance Deductible,  -   ,  -   ,  -   ,  -   ,  -   ,  -   ,  -   ,  -   ,  -   ,  -   ,  -   ,  -   ,  -   ,,  -   ,,  -   ,  -   ,-%,,  -   ,  -   ,-%
Auto,Hide,,,,,,,Settlement Costs,  -   ,  -   ,  -   ,  -   ,  -   ,  -   ,  -   ,  -   ,  -   ,  -   ,  -   ,  -   ,  -   ,,  -   ,,  -   ,  -   ,-%,,  -   ,  -   ,-%
Auto,Hide,,,,,,,Bad Debt,  -   ,  -   ,  -   ,  -   ,  -   ,  -   ,  -   ,  -   ,  -   ,  -   ,  -   ,  -   ,  -   ,,  -   ,,  -   ,  -   ,-%,,  -   ,  -   ,-%
Auto,Hide,,,,,,,Service Recovery Costs,  -   ,  -   ,  -   ,  -   ,  -   ,  -   ,  -   ,  -   ,  -   ,  -   ,  -   ,  -   ,  -   ,,  -   ,,  -   ,  -   ,-%,,  -   ,  -   ,-%
Auto,Hide,,,,,,,GST - Meals and Entertainment 50% ,  -   ,  -   ,  -   ,  -   ,  -   ,  -   ,  -   ,  -   ,  -   ,  -   ,  -   ,  -   ,  -   ,,  -   ,,  -   ,  -   ,-%,,  -   ,  -   ,-%
,Hide,,,,,,,,,,,,,,,,,,,,,,  -   ,,,,,,,,
,Show,,,,,,,"Property and Administration, Total","  34,650 ","  31,666 ","  31,086 ","  25,357 ","  31,273 ","  27,758 ","  28,766 ","  53,308 ","  54,368 ","  72,778 ",  -   ,  -   ,"  391,009 ",,"  1,116,934 ",,"  34,017 ","  (38,761)",(113.94)%,,"  334,915 ","  (56,094)",(16.75)%
,Show,,,,,,,,,,,,,,,,,,,,,,  -   ,,,,,,,,
,Hide,,,,,,,Property Tax,  -   ,  -   ,  -   ,  -   ,  -   ,  -   ,  -   ,  -   ,  -   ,  -   ,  -   ,  -   ,  -   ,,  -   ,,  -   ,  -   ,-%,,  -   ,  -   ,-%
Auto,Hide,,,,,,,Rent - Ground Lease,  -   ,  -   ,  -   ,  -   ,  -   ,  -   ,  -   ,  -   ,  -   ,  -   ,  -   ,  -   ,  -   ,,  -   ,,  -   ,  -   ,-%,,  -   ,  -   ,-%
Auto,Hide,,,,,,,Storage/Warehouse Fees,  -   ,  -   ,  -   ,  -   ,  -   ,  -   ,  -   ,  -   ,  -   ,  -   ,  -   ,  -   ,  -   ,,  -   ,,  -   ,  -   ,-%,,  -   ,  -   ,-%
Auto,Hide,,,,,,,Building Rent,  -   ,  -   ,  -   ,  -   ,  -   ,  -   ,  -   ,  -   ,  -   ,  -   ,  -   ,  -   ,  -   ,,  -   ,,  -   ,  -   ,-%,,  -   ,  -   ,-%
Auto,Hide,,,,,,,Rent Expense - Contra Account,  -   ,  -   ,  -   ,  -   ,  -   ,  -   ,  -   ,  -   ,  -   ,  -   ,  -   ,  -   ,  -   ,,  -   ,,  -   ,  -   ,-%,,  -   ,  -   ,-%
Auto,Hide,,,,,,,CERS - Rent Subsidy Contra Account,  -   ,  -   ,  -   ,  -   ,  -   ,  -   ,  -   ,  -   ,  -   ,  -   ,  -   ,  -   ,  -   ,,  -   ,,  -   ,  -   ,-%,,  -   ,  -   ,-%
,Hide,,,,,,,,,,,,,,,,,,,,,,  -   ,,,,,,,,
,Hide,,,,,,,"Rent & Property Tax, Total",  -   ,  -   ,  -   ,  -   ,  -   ,  -   ,  -   ,  -   ,  -   ,  -   ,  -   ,  -   ,  -   ,,  -   ,,  -   ,  -   ,-%,,  -   ,  -   ,-%
,Hide,,,,,,,,,,,,,,,,,,,,,,  -   ,,,,,,,,
,Hide,,,,,,,Travel - Lodging,  -   ,  -   ,  -   ,  -   ,  -   ,  -   ,  -   ,  -   ,  -   ,  -   ,  -   ,  -   ,  -   ,,  -   ,,  -   ,  -   ,-%,,  -   ,  -   ,-%
Auto,Hide,,,,,,,Travel - Meals & Entertainment,  -   ,  -   ,  -   ,  -   ,  -   ,  -   ,  -   ,  -   ,  -   ,  -   ,  -   ,  -   ,  -   ,,  -   ,,  -   ,  -   ,-%,,  -   ,  -   ,-%
Auto,Hide,,,,,,,Travel - Auto-Air-Rail,  -   ,  -   ,  -   ,  -   ,  -   ,  -   ,  -   ,  -   ,  -   ,  -   ,  -   ,  -   ,  -   ,,  -   ,,  -   ,  -   ,-%,,  -   ,  -   ,-%
Auto,Hide,,,,,,,Travel -Other,  -   ,  -   ,  -   ,  -   ,  -   ,  -   ,  -   ,  -   ,  -   ,  -   ,  -   ,  -   ,  -   ,,  -   ,,  -   ,  -   ,-%,,  -   ,  -   ,-%
,Hide,,,,,,,,,,,,,,,,,,,,,,  -   ,,,,,,,,
,Hide,,,,,,,"Travel, Total",  -   ,  -   ,  -   ,  -   ,  -   ,  -   ,  -   ,  -   ,  -   ,  -   ,  -   ,  -   ,  -   ,,  -   ,,  -   ,  -   ,-%,,  -   ,  -   ,-%
,Hide,,,,,,,,,,,,,,,,,,,,,,  -   ,,,,,,,,
,Hide,,,,,,,Other Operating Expenses,  -   ,  -   ,  -   ,  -   ,  -   ,  -   ,  -   ,  -   ,  -   ,  -   ,  -   ,  -   ,  -   ,,  -   ,,  -   ,  -   ,-%,,  -   ,  -   ,-%
,Hide,,,,,,,,,,,,,,,,,,,,,,  -   ,,,,,,,,
,Hide,,,,,,,"Other Operating Expenses, Total",  -   ,  -   ,  -   ,  -   ,  -   ,  -   ,  -   ,  -   ,  -   ,  -   ,  -   ,  -   ,  -   ,,  -   ,,  -   ,  -   ,-%,,  -   ,  -   ,-%
,Hide,,,,,,,,,,,,,,,,,,,,,,  -   ,,,,,,,,
,Hide,,,,,,,Hotel Management Fees,  -   ,  -   ,  -   ,  -   ,  -   ,  -   ,  -   ,  -   ,  -   ,  -   ,  -   ,  -   ,  -   ,,  -   ,,  -   ,  -   ,-%,,  -   ,  -   ,-%
Auto,Hide,,,,,,,F&B Management Fees,  -   ,  -   ,  -   ,  -   ,  -   ,  -   ,  -   ,  -   ,  -   ,  -   ,  -   ,  -   ,  -   ,,  -   ,,  -   ,  -   ,-%,,  -   ,  -   ,-%
Auto,Hide,,,,,,,Parking Management Fees,  -   ,  -   ,  -   ,  -   ,  -   ,  -   ,  -   ,  -   ,  -   ,  -   ,  -   ,  -   ,  -   ,,  -   ,,  -   ,  -   ,-%,,  -   ,  -   ,-%
Auto,Hide,,,,,,,PHLP Management Fees,  -   ,  -   ,  -   ,  -   ,  -   ,  -   ,  -   ,  -   ,  -   ,  -   ,  -   ,  -   ,  -   ,,  -   ,,  -   ,  -   ,-%,,  -   ,  -   ,-%
,Hide,,,,,,,,,,,,,,,,,,,,,,  -   ,,,,,,,,
,Hide,,,,,,,"Management Fees, Total",  -   ,  -   ,  -   ,  -   ,  -   ,  -   ,  -   ,  -   ,  -   ,  -   ,  -   ,  -   ,  -   ,,  -   ,,  -   ,  -   ,-%,,  -   ,  -   ,-%
,Hide,,,,,,,,,,,,,,,,,,,,,,  -   ,,,,,,,,
,,,,,,,,Total Operating Expenses,"  35,626 ","  34,751 ","  36,144 ","  37,275 ","  44,891 ","  72,191 ","  42,185 ","  63,535 ","  63,820 ","  84,269 ",  -   ,  -   ,"  514,685 ",,"  1,376,252 ",,"  35,454 ","  (48,815)",(137.69)%,,"  346,882 ","  (167,803)",(48.37)%
,,,,,,,,,,,,,,,,,,,,,,,  -   ,,,,,,,,
,,,,,,,,Total Departmental Expenses,"  326,536 ","  310,570 ","  318,100 ","  342,086 ","  341,792 ","  356,906 ","  339,286 ","  359,421 ","  367,291 ","  417,672 ",  -   ,  -   ,"  3,479,661 ",,"  10,438,235 ",,"  369,428 ","  (48,244)",(13.06)%,,"  3,478,912 ",  (749),(0.02)%
,,,,,,,,,,,,,,,,,,,,,,,  -   ,,,,,,,,
,,,,,,,, Department Profit/(Loss) ,"  95,576 ","  123,826 ","  209,163 ","  201,054 ","  88,629 ","  107,519 ","  76,814 ","  131,539 ","  79,238 ","  116,091 ",  -   ,  -   ,"  1,229,450 ",,"  4,299,663 ",,"  203,816 ","  (87,725)",(43.04)%,,"  1,840,763 ","  (611,314)",(33.21)%
,,,,,,,,,,,,,,,,,,,,,,,,,,,,,,,
,,,,,,,,,,,,,,,,,,,,,,,,,,,,,,,
,,,,,,,,,,,,,,,,,,,,,,,,,,,,,,,
,Show,,,,,,,CHECK,  -   ,  -   ,  -   ,  -   ,  -   ,  (0),  -   ,  -   ,  -   ,  (0),"  (246,730)",  -   ,,,,,  -   ,,,,  -   ,,